report_id,report_url,source_url,scraped_at,category,description,submitted_by,submitted_time,vote_count,loss_amount,address,blockchain,tag,domain
5645efc7-f932-4be0-adc8-9b3eb48d1cfe,https://chainabuse.com/report/5645efc7-f932-4be0-adc8-9b3eb48d1cfe?context=browse-chain&chain=ETH,https://chainabuse.com/chain/ETH?page=1,2026-02-10T19:17:10.780974,Phishing Scams: Stay Protected on Chainabuse,"Under the pretext of profitable investments in cryptocurrency (bitcoin purchase) and trading binary options through the APL platform, Kosh persuaded me to transfer money. After the initial transfers, the account was artificially ""frozen,"" followed by demands for additional payments for alleged ""SEC fines,"" ""broker licenses,"" ""security deposits,"" and ""account unblocking"" — classic signs of advance fee fraud and pig butchering scam. In total, $120,000 USD was actually transferred to the scammer.",Anonymous,1 day ago,1,120000.00 USD,0x7D1c836a132936Ec99C73225c6FFA5E79b332Eb3,Ethereum,,
aead37d6-0f1d-4dd7-b49b-28ec8e1ff311,https://chainabuse.com/report/aead37d6-0f1d-4dd7-b49b-28ec8e1ff311?context=browse-chain&chain=ETH,https://chainabuse.com/chain/ETH?page=1,2026-02-10T19:17:14.515855,Phishing Scams: Stay Protected on Chainabuse,"Under the pretext of profitable investments in cryptocurrency (bitcoin purchase) and trading binary options through the APL platform, Kosh persuaded me to transfer money. After the initial transfers, the account was artificially ""frozen,"" followed by demands for additional payments for alleged ""SEC fines,"" ""broker licenses,"" ""security deposits,"" and ""account unblocking"" — classic signs of advance fee fraud and pig butchering scam. In total, $120,000 USD was actually transferred to the scammer.",Anonymous,1 day ago,1,120000.00 USD,0x7D1c836a132936Ec99C73225c6FFA5E79b332Eb3,Ethereum,,
a4780278-2c76-415d-98ef-3a79cabc9255,https://chainabuse.com/report/a4780278-2c76-415d-98ef-3a79cabc9255?context=browse-chain&chain=ETH,https://chainabuse.com/chain/ETH?page=1,2026-02-10T19:17:18.158631,Blackmail Scams: Report and Learn on Chainabuse,"Under the pretext of profitable investments in cryptocurrency (bitcoin purchase) and trading binary options through the APL platform, Kosh persuaded me to transfer money. After the initial transfers, the account was artificially ""frozen,"" followed by demands for additional payments for alleged ""SEC fines,"" ""broker licenses,"" ""security deposits,"" and ""account unblocking"" — classic signs of advance fee fraud and pig butchering scam. In total, $50,000 USD was actually transferred to the scammer.",Anonymous,1 day ago,1,50000.00 USD,0x7D1c836a132936Ec99C73225c6FFA5E79b332Eb3,Ethereum,,
8ced55bd-3903-450a-a6c5-a4556842e3bd,https://chainabuse.com/report/8ced55bd-3903-450a-a6c5-a4556842e3bd?context=browse-chain&chain=ETH,https://chainabuse.com/chain/ETH?page=1,2026-02-10T19:17:21.796086,Crypto Hacks: Report and Stay Safe with Chainabuse,"Hi dear team, i want to report you this address stolen from me 2k usdt 1,114.72 usdt on erc20 and 800+ usdt on chain base here is txid erc20 https://etherscan.io/tx/0x9af61f6dea4c160dce4ee3d10d53528eb1c49936d915a98fabfa52f23fc0589a afther that this address sended funds to second address 0x39834420Fa10F21B3f674682b5B994087B8AD4c3 afther second address he/she sended to third address 0xc49f999B39919b3DaA5555e58FE9028cEfa8C81C and afther that he used FixedFloat exchange to swap and end! i also writed these 3 addresses on blockscan chat also i maded post on tweeter of this addreses https://x.com/ArtsrunMT/status/2020121403178062108?s=20 thanks a lot",Anonymous,1 day ago,1,2000.00 USD,0x5e82d4d8CBc784b705Dc9085E85c08F4D2C36976,Ethereum,,https://ff.io/en/
8ced55bd-3903-450a-a6c5-a4556842e3bd,https://chainabuse.com/report/8ced55bd-3903-450a-a6c5-a4556842e3bd?context=browse-chain&chain=ETH,https://chainabuse.com/chain/ETH?page=1,2026-02-10T19:17:21.796086,Crypto Hacks: Report and Stay Safe with Chainabuse,"Hi dear team, i want to report you this address stolen from me 2k usdt 1,114.72 usdt on erc20 and 800+ usdt on chain base here is txid erc20 https://etherscan.io/tx/0x9af61f6dea4c160dce4ee3d10d53528eb1c49936d915a98fabfa52f23fc0589a afther that this address sended funds to second address 0x39834420Fa10F21B3f674682b5B994087B8AD4c3 afther second address he/she sended to third address 0xc49f999B39919b3DaA5555e58FE9028cEfa8C81C and afther that he used FixedFloat exchange to swap and end! i also writed these 3 addresses on blockscan chat also i maded post on tweeter of this addreses https://x.com/ArtsrunMT/status/2020121403178062108?s=20 thanks a lot",Anonymous,1 day ago,1,2000.00 USD,0x3989444Da45736aecCbb3146af4eE3eb9eFe84c3,Ethereum,,https://ff.io/en/
8ced55bd-3903-450a-a6c5-a4556842e3bd,https://chainabuse.com/report/8ced55bd-3903-450a-a6c5-a4556842e3bd?context=browse-chain&chain=ETH,https://chainabuse.com/chain/ETH?page=1,2026-02-10T19:17:21.796086,Crypto Hacks: Report and Stay Safe with Chainabuse,"Hi dear team, i want to report you this address stolen from me 2k usdt 1,114.72 usdt on erc20 and 800+ usdt on chain base here is txid erc20 https://etherscan.io/tx/0x9af61f6dea4c160dce4ee3d10d53528eb1c49936d915a98fabfa52f23fc0589a afther that this address sended funds to second address 0x39834420Fa10F21B3f674682b5B994087B8AD4c3 afther second address he/she sended to third address 0xc49f999B39919b3DaA5555e58FE9028cEfa8C81C and afther that he used FixedFloat exchange to swap and end! i also writed these 3 addresses on blockscan chat also i maded post on tweeter of this addreses https://x.com/ArtsrunMT/status/2020121403178062108?s=20 thanks a lot",Anonymous,1 day ago,1,2000.00 USD,0xc49f999B39919b3DaA5555e58FE9028cEfa8C81C,Ethereum,,https://ff.io/en/
781c8007-a8a0-4089-8883-663b1b7b4cf4,https://chainabuse.com/report/781c8007-a8a0-4089-8883-663b1b7b4cf4?context=browse-chain&chain=ETH,https://chainabuse.com/chain/ETH?page=1,2026-02-10T19:17:25.549207,Investment Scams: Report Fraud on Chainabuse,"The platform is an investment site, which was referred by a friend. Upon withdrawal requests after my initial investment return, more money was requested, which I then refused to pay. Only after the investment was made, the platform disclosed relevant information that is not listed on the site.",Anonymous,1 day ago,1,500 USDT (~USD 500),0x726901033241586720600C22DE17De4BD59C22eE,Ethereum,,https://www.primworldinvest.com
bb2629d6-f815-4fa7-b76c-40f743e6a356,https://chainabuse.com/report/bb2629d6-f815-4fa7-b76c-40f743e6a356?context=browse-chain&chain=ETH,https://chainabuse.com/chain/ETH?page=1,2026-02-10T19:17:29.175933,Job Scam: Learn and Report on Chainabuse,"A woman contacted me by phone, telling me I had been selected for a part-time online job. After that, another person contacted me via WhatsApp. They registered me on their website, https://www.placementsioa.com, which later changed to https://www.placements-tui.com, asking me to deposit $18 USD. After I completed some tasks, they deposited $120 USD into my account. This gave me confidence, and I continued to invest money. However, when I tried to withdraw it, they started putting up a lot of obstacles, and so far, they haven't returned anything.",Anonymous,1 day ago,1,9534.00 USD,0x6f9D0B67fd7FEBa452c708554439656259c9146D,Ethereum,,https://www.plecements-tui.com/
bb2629d6-f815-4fa7-b76c-40f743e6a356,https://chainabuse.com/report/bb2629d6-f815-4fa7-b76c-40f743e6a356?context=browse-chain&chain=ETH,https://chainabuse.com/chain/ETH?page=1,2026-02-10T19:17:29.175933,Job Scam: Learn and Report on Chainabuse,"A woman contacted me by phone, telling me I had been selected for a part-time online job. After that, another person contacted me via WhatsApp. They registered me on their website, https://www.placementsioa.com, which later changed to https://www.placements-tui.com, asking me to deposit $18 USD. After I completed some tasks, they deposited $120 USD into my account. This gave me confidence, and I continued to invest money. However, when I tried to withdraw it, they started putting up a lot of obstacles, and so far, they haven't returned anything.",Anonymous,1 day ago,1,9534.00 USD,0xD37B12Ae370D76747C3e97dEf0E4075563784C4C,Ethereum,,https://www.plecements-tui.com/
bb2629d6-f815-4fa7-b76c-40f743e6a356,https://chainabuse.com/report/bb2629d6-f815-4fa7-b76c-40f743e6a356?context=browse-chain&chain=ETH,https://chainabuse.com/chain/ETH?page=1,2026-02-10T19:17:29.175933,Job Scam: Learn and Report on Chainabuse,"A woman contacted me by phone, telling me I had been selected for a part-time online job. After that, another person contacted me via WhatsApp. They registered me on their website, https://www.placementsioa.com, which later changed to https://www.placements-tui.com, asking me to deposit $18 USD. After I completed some tasks, they deposited $120 USD into my account. This gave me confidence, and I continued to invest money. However, when I tried to withdraw it, they started putting up a lot of obstacles, and so far, they haven't returned anything.",Anonymous,1 day ago,1,9534.00 USD,0x018d9A81975E2C2dCB2C338689A996Ecb093Ae9B,Ethereum,,https://www.plecements-tui.com/
bb2629d6-f815-4fa7-b76c-40f743e6a356,https://chainabuse.com/report/bb2629d6-f815-4fa7-b76c-40f743e6a356?context=browse-chain&chain=ETH,https://chainabuse.com/chain/ETH?page=1,2026-02-10T19:17:29.175933,Job Scam: Learn and Report on Chainabuse,"A woman contacted me by phone, telling me I had been selected for a part-time online job. After that, another person contacted me via WhatsApp. They registered me on their website, https://www.placementsioa.com, which later changed to https://www.placements-tui.com, asking me to deposit $18 USD. After I completed some tasks, they deposited $120 USD into my account. This gave me confidence, and I continued to invest money. However, when I tried to withdraw it, they started putting up a lot of obstacles, and so far, they haven't returned anything.",Anonymous,1 day ago,1,9534.00 USD,0x57612F61e6eEd8487540759B2A9b16e0C764cd82,Ethereum,,https://www.plecements-tui.com/
bb2629d6-f815-4fa7-b76c-40f743e6a356,https://chainabuse.com/report/bb2629d6-f815-4fa7-b76c-40f743e6a356?context=browse-chain&chain=ETH,https://chainabuse.com/chain/ETH?page=1,2026-02-10T19:17:29.175933,Job Scam: Learn and Report on Chainabuse,"A woman contacted me by phone, telling me I had been selected for a part-time online job. After that, another person contacted me via WhatsApp. They registered me on their website, https://www.placementsioa.com, which later changed to https://www.placements-tui.com, asking me to deposit $18 USD. After I completed some tasks, they deposited $120 USD into my account. This gave me confidence, and I continued to invest money. However, when I tried to withdraw it, they started putting up a lot of obstacles, and so far, they haven't returned anything.",Anonymous,1 day ago,1,9534.00 USD,0x497207a83B31eAe8e9f3c5759617EaF04129445D,Ethereum,,https://www.plecements-tui.com/
bb2629d6-f815-4fa7-b76c-40f743e6a356,https://chainabuse.com/report/bb2629d6-f815-4fa7-b76c-40f743e6a356?context=browse-chain&chain=ETH,https://chainabuse.com/chain/ETH?page=1,2026-02-10T19:17:29.175933,Job Scam: Learn and Report on Chainabuse,"A woman contacted me by phone, telling me I had been selected for a part-time online job. After that, another person contacted me via WhatsApp. They registered me on their website, https://www.placementsioa.com, which later changed to https://www.placements-tui.com, asking me to deposit $18 USD. After I completed some tasks, they deposited $120 USD into my account. This gave me confidence, and I continued to invest money. However, when I tried to withdraw it, they started putting up a lot of obstacles, and so far, they haven't returned anything.",Anonymous,1 day ago,1,9534.00 USD,0x74d7d825F844691B8b7AfaBbB03e87a056745Ba6,Ethereum,,https://www.plecements-tui.com/
bb2629d6-f815-4fa7-b76c-40f743e6a356,https://chainabuse.com/report/bb2629d6-f815-4fa7-b76c-40f743e6a356?context=browse-chain&chain=ETH,https://chainabuse.com/chain/ETH?page=1,2026-02-10T19:17:29.175933,Job Scam: Learn and Report on Chainabuse,"A woman contacted me by phone, telling me I had been selected for a part-time online job. After that, another person contacted me via WhatsApp. They registered me on their website, https://www.placementsioa.com, which later changed to https://www.placements-tui.com, asking me to deposit $18 USD. After I completed some tasks, they deposited $120 USD into my account. This gave me confidence, and I continued to invest money. However, when I tried to withdraw it, they started putting up a lot of obstacles, and so far, they haven't returned anything.",Anonymous,1 day ago,1,9534.00 USD,0xA836dC7f3F81db7e6D49ca15FeE52A672d2DEba7,Ethereum,,https://www.plecements-tui.com/
5d80448b-7e42-4792-a791-e3fcbaf7ef67,https://chainabuse.com/report/5d80448b-7e42-4792-a791-e3fcbaf7ef67?context=browse-chain&chain=ETH,https://chainabuse.com/chain/ETH?page=1,2026-02-10T19:17:32.800589,Report Miscellaneous Crypto Scams with Chainabuse: crypto frau exc,"I was introduced to the platform through private messaging (WhatsApp). Representatives claimed the platform was a legitimate cryptocurrency exchange and encouraged deposits to trade specific tokens (including QSE, SPN, LNCP/LNCO). It is a cryptocurrency investment fraud involving an Iphone application called Orvion Exchange. By the way, this app is not Apple store but they provided an URL with a code to install it on my iphone. I deposited by transferring from Robinhood to Orvion with a wallet address, to purchase tokens promoted as legitimate (QSE, SPN and LNCP(upcoming), with promises of significant returns. When I attempted to withdraw $955 funds, Orvion blocked the withdrawal and claimed I could only unlock my account after increasing my internal “score” above 70—something they said required an additional 1,000 deposit. This resembles known fraudulent schemes that fabricate constraints to extort further payments. I have already collected substantial evidence, including: Full chat logs documenting promises of profit, deposit instructions, “score” requirements, and the explicit $1,000 demand to release my withdrawal Screenshots showing other users depositing funds (estimated $600K)for QSE, SPN, and a new token called LNCP Screenshots of my account interface showing withdrawal blocks Transaction records of all funds I deposited via Robinhood A detailed timeline of communications regarding QSE, SPN, and LNCP Based on independent reports, Orvion displays multiple scam indicators: it has been flagged on fraud tracking sites, shows misleading regulatory claims and minimal online presence, and has unresolved complaints listed with the Better Business Bureau. FBI advisories describe similar tactics used by fraudulent crypto platforms, such as fake dashboards, blocked withdrawals, and demands for additional deposits. I could not upload text or word documents.",Anonymous,2 days ago,1,3500.00 USD,0x1cce2639f93dedfbf0f7380583f3843d6098e4f8,Ethereum,,
5d80448b-7e42-4792-a791-e3fcbaf7ef67,https://chainabuse.com/report/5d80448b-7e42-4792-a791-e3fcbaf7ef67?context=browse-chain&chain=ETH,https://chainabuse.com/chain/ETH?page=1,2026-02-10T19:17:32.800589,Report Miscellaneous Crypto Scams with Chainabuse: crypto frau exc,"I was introduced to the platform through private messaging (WhatsApp). Representatives claimed the platform was a legitimate cryptocurrency exchange and encouraged deposits to trade specific tokens (including QSE, SPN, LNCP/LNCO). It is a cryptocurrency investment fraud involving an Iphone application called Orvion Exchange. By the way, this app is not Apple store but they provided an URL with a code to install it on my iphone. I deposited by transferring from Robinhood to Orvion with a wallet address, to purchase tokens promoted as legitimate (QSE, SPN and LNCP(upcoming), with promises of significant returns. When I attempted to withdraw $955 funds, Orvion blocked the withdrawal and claimed I could only unlock my account after increasing my internal “score” above 70—something they said required an additional 1,000 deposit. This resembles known fraudulent schemes that fabricate constraints to extort further payments. I have already collected substantial evidence, including: Full chat logs documenting promises of profit, deposit instructions, “score” requirements, and the explicit $1,000 demand to release my withdrawal Screenshots showing other users depositing funds (estimated $600K)for QSE, SPN, and a new token called LNCP Screenshots of my account interface showing withdrawal blocks Transaction records of all funds I deposited via Robinhood A detailed timeline of communications regarding QSE, SPN, and LNCP Based on independent reports, Orvion displays multiple scam indicators: it has been flagged on fraud tracking sites, shows misleading regulatory claims and minimal online presence, and has unresolved complaints listed with the Better Business Bureau. FBI advisories describe similar tactics used by fraudulent crypto platforms, such as fake dashboards, blocked withdrawals, and demands for additional deposits. I could not upload text or word documents.",Anonymous,2 days ago,1,3500.00 USD,0x1973dcb1a31fc752cf6d51935dc46f8f69286e5b,Ethereum,,
4023f3a4-5ca6-41e2-8876-7c942290042b,https://chainabuse.com/report/4023f3a4-5ca6-41e2-8876-7c942290042b?context=browse-chain&chain=ETH,https://chainabuse.com/chain/ETH?page=1,2026-02-10T19:17:36.424734,Crypto Hacks: Report and Stay Safe with Chainabuse,"CYBERLEAKWATCH INTEL: CrossCurve Protocol Exploit - February 1, 2026. Attacker drained ~$3M from CrossCurve protocol.",Anonymous,2 days ago,1,,0x80bf7db69556d9521c03461978b8fc731dbbd4e4,Ethereum,,
3e86a21d-32d2-4777-a35c-655811ad0d7b,https://chainabuse.com/report/3e86a21d-32d2-4777-a35c-655811ad0d7b?context=browse-chain&chain=ETH,https://chainabuse.com/chain/ETH?page=1,2026-02-10T19:17:40.064012,Crypto Hacks: Report and Stay Safe with Chainabuse,"CYBERLEAKWATCH INTEL: CrossCurve Protocol Exploit - February 1, 2026. Attacker drained ~$3M from CrossCurve protocol via smart contract vulnerability. Wallet received 78.7 ETH post-exploit, moved 46.88 ETH, currently holds 31.82 ETH. Part of 5-wallet cluster involved in exploit. Verified by CyberLeakWatch forensic analysis.",Anonymous,2 days ago,1,,0x80bf7db69556d9521c03461978b8fc731dbbd4e4,Ethereum,,
6e061aee-9874-4151-ad02-466ec1c41501,https://chainabuse.com/report/6e061aee-9874-4151-ad02-466ec1c41501?context=browse-chain&chain=ETH,https://chainabuse.com/chain/ETH?page=1,2026-02-10T19:17:43.709459,SIM Swap Scams: Stay Informed on Chainabuse,I am receiving unsolicited token transfers from an unknown address. Address: 0xb46FcFB8fA043969726d3254AA89E7dFc96A3Eaa I have never interacted with this address. I suspect a dusting or scam attempt. Please record this activity and advise.,Anonymous,2 days ago,1,253.37 USD,0xb46FcFB8fA043969726d3254AA89E7dFc96A3Eaa,Ethereum,,"https://etherscan.io/address/0xb46fcfb8fa043969726d3254aa89e7dfc96a3eaa, https://etherscan.io/address/0xb46fcfb8fa043969726d3254aa89e7dfc96a3eaa"
6e061aee-9874-4151-ad02-466ec1c41501,https://chainabuse.com/report/6e061aee-9874-4151-ad02-466ec1c41501?context=browse-chain&chain=ETH,https://chainabuse.com/chain/ETH?page=1,2026-02-10T19:17:43.709459,SIM Swap Scams: Stay Informed on Chainabuse,I am receiving unsolicited token transfers from an unknown address. Address: 0xb46FcFB8fA043969726d3254AA89E7dFc96A3Eaa I have never interacted with this address. I suspect a dusting or scam attempt. Please record this activity and advise.,Anonymous,2 days ago,1,253.37 USD,0xb46FcFB8fA043969726d3254AA89E7dFc96A3Eaa,Ethereum,,"https://etherscan.io/address/0xb46fcfb8fa043969726d3254aa89e7dfc96a3eaa, https://etherscan.io/address/0xb46fcfb8fa043969726d3254aa89e7dfc96a3eaa"
90d80420-a01c-4dc1-ae1b-5f562424f222,https://chainabuse.com/report/90d80420-a01c-4dc1-ae1b-5f562424f222?context=browse-chain&chain=ETH,https://chainabuse.com/chain/ETH?page=1,2026-02-10T19:17:47.370151,Fake Return Scams: Secure Your Crypto Investments,"Funds were transferred from my Phantom wallet to cryptocurrency addresses provided by a party claiming to operate an investment service under the name “Atticus Future Trading & Investment.” After the transfers, the counterparty reported that my funds had generated profits, but then demanded additional upfront “activation” or “withdrawal” fees before any funds could be released. These fees were not disclosed prior to the investment. When I refused to send further payments, withdrawals were blocked and no funds were returned. This appears to be a coordinated cryptocurrency investment scam involving false profit claims, advance-fee demands, and the use of multiple wallet addresses across Solana and Ethereum networks.",Anonymous,2 days ago,1,29595.00 USD,E3kccvzan9amxekee7mjr8su1wabdnm3atyesmhke4n9,Solana,investment scam,
90d80420-a01c-4dc1-ae1b-5f562424f222,https://chainabuse.com/report/90d80420-a01c-4dc1-ae1b-5f562424f222?context=browse-chain&chain=ETH,https://chainabuse.com/chain/ETH?page=1,2026-02-10T19:17:47.370151,Fake Return Scams: Secure Your Crypto Investments,"Funds were transferred from my Phantom wallet to cryptocurrency addresses provided by a party claiming to operate an investment service under the name “Atticus Future Trading & Investment.” After the transfers, the counterparty reported that my funds had generated profits, but then demanded additional upfront “activation” or “withdrawal” fees before any funds could be released. These fees were not disclosed prior to the investment. When I refused to send further payments, withdrawals were blocked and no funds were returned. This appears to be a coordinated cryptocurrency investment scam involving false profit claims, advance-fee demands, and the use of multiple wallet addresses across Solana and Ethereum networks.",Anonymous,2 days ago,1,29595.00 USD,0x326dfed6777c15326aab9a2138c34c170d50ed4f,Ethereum,investment scam,
90d80420-a01c-4dc1-ae1b-5f562424f222,https://chainabuse.com/report/90d80420-a01c-4dc1-ae1b-5f562424f222?context=browse-chain&chain=ETH,https://chainabuse.com/chain/ETH?page=1,2026-02-10T19:17:47.370151,Fake Return Scams: Secure Your Crypto Investments,"Funds were transferred from my Phantom wallet to cryptocurrency addresses provided by a party claiming to operate an investment service under the name “Atticus Future Trading & Investment.” After the transfers, the counterparty reported that my funds had generated profits, but then demanded additional upfront “activation” or “withdrawal” fees before any funds could be released. These fees were not disclosed prior to the investment. When I refused to send further payments, withdrawals were blocked and no funds were returned. This appears to be a coordinated cryptocurrency investment scam involving false profit claims, advance-fee demands, and the use of multiple wallet addresses across Solana and Ethereum networks.",Anonymous,2 days ago,1,29595.00 USD,HwR5XBDHWpRAqQgDiXffbzqPjEYU9KdJwYL3TG8TqDch,Solana,investment scam,
60f419ae-e69c-48b2-972e-7d850dfa06be,https://chainabuse.com/report/60f419ae-e69c-48b2-972e-7d850dfa06be?context=browse-chain&chain=ETH,https://chainabuse.com/chain/ETH?page=6,2026-02-10T19:17:10.766588,Ransomware Attacks: Report and Fight Back with Chainabuse,"In 2025, I became a victim of online fraud organized by a man named Mikhail Avramenko, who falsely claimed to be a professional cryptocurrency consultant. He contacted me through a messaging platform and gradually gained my trust by presenting himself as knowledgeable, reliable, and supportive. From the start, his behavior was carefully calculated. He used fake documents, manipulated screenshots, and fabricated investment results to create the illusion of legitimacy. Whenever I expressed doubt, he responded with convincing explanations and emotional pressure. Mikhail was a ruthless and inventive scammer who showed no regard for honesty or ethics. He constantly adjusted his methods and invented new stories in order to keep me involved and dependent on his instructions. Under his influence, I transferred approximately $21,000 in cryptocurrency to a wallet he controlled. After receiving the money, he continued to demand additional payments, claiming they were required for “verification” and “security purposes.” When I refused to comply, he immediately stopped communicating and erased his online presence. All his promises proved to be false. It later became clear that his actions were part of a deliberate and well-organized fraud scheme aimed at exploiting victims for personal gain.",Anonymous,"on Feb 3, 2026",1,,0x99825035bDc21a67f1cB14F6FF9F0d528c500d92,Ethereum,,MikhailAvramenkoScammer.com
758af905-7979-4ab0-b658-938f5152b894,https://chainabuse.com/report/758af905-7979-4ab0-b658-938f5152b894?context=browse-chain&chain=ETH,https://chainabuse.com/chain/ETH?page=6,2026-02-10T19:17:14.474875,Ransomware Attacks: Report and Fight Back with Chainabuse,"In 2025, I became a victim of online fraud organized by a man named Mikhail Avramenko, who falsely claimed to be a professional cryptocurrency consultant. He contacted me through a messaging platform and gradually gained my trust by presenting himself as knowledgeable, reliable, and supportive. From the start, his behavior was carefully calculated. He used fake documents, manipulated screenshots, and fabricated investment results to create the illusion of legitimacy. Whenever I expressed doubt, he responded with convincing explanations and emotional pressure. Mikhail was a ruthless and inventive scammer who showed no regard for honesty or ethics. He constantly adjusted his methods and invented new stories in order to keep me involved and dependent on his instructions. Under his influence, I transferred approximately $21,000 in cryptocurrency to a wallet he controlled. After receiving the money, he continued to demand additional payments, claiming they were required for “verification” and “security purposes.” When I refused to comply, he immediately stopped communicating and erased his online presence. All his promises proved to be false. It later became clear that his actions were part of a deliberate and well-organized fraud scheme aimed at exploiting victims for personal gain.",Anonymous,"on Feb 3, 2026",1,,0x99825035bDc21a67f1cB14F6FF9F0d528c500d92,Ethereum,,MikhailAvramenkoScammer.com
3e9b136e-2a5a-487c-ad81-213e78eaee56,https://chainabuse.com/report/3e9b136e-2a5a-487c-ad81-213e78eaee56?context=browse-chain&chain=ETH,https://chainabuse.com/chain/ETH?page=6,2026-02-10T19:17:18.106137,Ransomware Attacks: Report and Fight Back with Chainabuse,"In 2025, I became a victim of online fraud organized by a man named Mikhail Avramenko, who falsely claimed to be a professional cryptocurrency consultant. He contacted me through a messaging platform and gradually gained my trust by presenting himself as knowledgeable, reliable, and supportive. From the start, his behavior was carefully calculated. He used fake documents, manipulated screenshots, and fabricated investment results to create the illusion of legitimacy. Whenever I expressed doubt, he responded with convincing explanations and emotional pressure. Mikhail was a ruthless and inventive scammer who showed no regard for honesty or ethics. He constantly adjusted his methods and invented new stories in order to keep me involved and dependent on his instructions. Under his influence, I transferred approximately $21,000 in cryptocurrency to a wallet he controlled. After receiving the money, he continued to demand additional payments, claiming they were required for “verification” and “security purposes.” When I refused to comply, he immediately stopped communicating and erased his online presence. All his promises proved to be false. It later became clear that his actions were part of a deliberate and well-organized fraud scheme aimed at exploiting victims for personal gain.",Anonymous,"on Feb 3, 2026",1,,0x99825035bDc21a67f1cB14F6FF9F0d528c500d92,Ethereum,,MikhailAvramenkoScammer.com
e49abfe0-0167-4992-a437-66ebd3823a4c,https://chainabuse.com/report/e49abfe0-0167-4992-a437-66ebd3823a4c?context=browse-chain&chain=ETH,https://chainabuse.com/chain/ETH?page=6,2026-02-10T19:17:21.761963,Ransomware Attacks: Report and Fight Back with Chainabuse,"In 2025, I became a victim of online fraud organized by a man named Mikhail Avramenko, who falsely claimed to be a professional cryptocurrency consultant. He contacted me through a messaging platform and gradually gained my trust by presenting himself as knowledgeable, reliable, and supportive. From the start, his behavior was carefully calculated. He used fake documents, manipulated screenshots, and fabricated investment results to create the illusion of legitimacy. Whenever I expressed doubt, he responded with convincing explanations and emotional pressure. Mikhail was a ruthless and inventive scammer who showed no regard for honesty or ethics. He constantly adjusted his methods and invented new stories in order to keep me involved and dependent on his instructions. Under his influence, I transferred approximately $21,000 in cryptocurrency to a wallet he controlled. After receiving the money, he continued to demand additional payments, claiming they were required for “verification” and “security purposes.” When I refused to comply, he immediately stopped communicating and erased his online presence. All his promises proved to be false. It later became clear that his actions were part of a deliberate and well-organized fraud scheme aimed at exploiting victims for personal gain.",Anonymous,"on Feb 3, 2026",1,23000.00 USD,0x99825035bDc21a67f1cB14F6FF9F0d528c500d92,Ethereum,,MikhailAvramenkoScammer.com
2b5e8acf-9517-47bb-bac7-f90af3f22bf1,https://chainabuse.com/report/2b5e8acf-9517-47bb-bac7-f90af3f22bf1?context=browse-chain&chain=ETH,https://chainabuse.com/chain/ETH?page=6,2026-02-10T19:17:25.396489,Ransomware Attacks: Report and Fight Back with Chainabuse,"In 2025, I became a victim of online fraud organized by a man named Mikhail Avramenko, who falsely claimed to be a professional cryptocurrency consultant. He contacted me through a messaging platform and gradually gained my trust by presenting himself as knowledgeable, reliable, and supportive. From the start, his behavior was carefully calculated. He used fake documents, manipulated screenshots, and fabricated investment results to create the illusion of legitimacy. Whenever I expressed doubt, he responded with convincing explanations and emotional pressure. Mikhail was a ruthless and inventive scammer who showed no regard for honesty or ethics. He constantly adjusted his methods and invented new stories in order to keep me involved and dependent on his instructions. Under his influence, I transferred approximately $21,000 in cryptocurrency to a wallet he controlled. After receiving the money, he continued to demand additional payments, claiming they were required for “verification” and “security purposes.” When I refused to comply, he immediately stopped communicating and erased his online presence. All his promises proved to be false. It later became clear that his actions were part of a deliberate and well-organized fraud scheme aimed at exploiting victims for personal gain.",Anonymous,"on Feb 3, 2026",1,23000.00 USD,0x99825035bDc21a67f1cB14F6FF9F0d528c500d92,Ethereum,,MikhailAvramenkoScammer.com
2619256c-c044-4788-991d-96df3142045e,https://chainabuse.com/report/2619256c-c044-4788-991d-96df3142045e?context=browse-chain&chain=ETH,https://chainabuse.com/chain/ETH?page=6,2026-02-10T19:17:29.010794,Ransomware Attacks: Report and Fight Back with Chainabuse,"In 2025, I became a victim of online fraud organized by a man named Mikhail Avramenko, who falsely claimed to be a professional cryptocurrency consultant. He contacted me through a messaging platform and gradually gained my trust by presenting himself as knowledgeable, reliable, and supportive. From the start, his behavior was carefully calculated. He used fake documents, manipulated screenshots, and fabricated investment results to create the illusion of legitimacy. Whenever I expressed doubt, he responded with convincing explanations and emotional pressure. Mikhail was a ruthless and inventive scammer who showed no regard for honesty or ethics. He constantly adjusted his methods and invented new stories in order to keep me involved and dependent on his instructions. Under his influence, I transferred approximately $21,000 in cryptocurrency to a wallet he controlled. After receiving the money, he continued to demand additional payments, claiming they were required for “verification” and “security purposes.” When I refused to comply, he immediately stopped communicating and erased his online presence. All his promises proved to be false. It later became clear that his actions were part of a deliberate and well-organized fraud scheme aimed at exploiting victims for personal gain.",Anonymous,"on Feb 3, 2026",1,23000.00 USD,0x99825035bDc21a67f1cB14F6FF9F0d528c500d92,Ethereum,,MikhailAvramenkoScammer.com
279c52d9-a485-4a0f-a063-83dca881f838,https://chainabuse.com/report/279c52d9-a485-4a0f-a063-83dca881f838?context=browse-chain&chain=ETH,https://chainabuse.com/chain/ETH?page=6,2026-02-10T19:17:32.632856,Fake Return Scams: Secure Your Crypto Investments,"The balance of evidence corroborates the notion that Mr. Daniel Woolley was a victim of an elaborate scam for the total amount of 0.011673 BTC and 1.405781 ETH in September 2025. ● This analysis underscores the interconnected nature of the scam, revealing a network of digital and fi nancial infrastructures designed to obscure The Entity Under Investigation's identities and launder illicit funds. ● The psychological manipulation employed in this scheme, including trust-building and the illusion of security, demonstrates the sophistication of The Entity Under Investigation and underscores the importance of raising awareness about such tactics to prevent future victimization. ● Payback (Clone)’s scheme left Mr. Woolley with no viable option to pursue restitution through conventional means, necessitating this forensic investigation.",Anonymous,"on Feb 3, 2026",1,5000 GBP,bc1q8m50g2mgyepsjyh8ccquaqsxlcqwk5wtlqnj0r,Bitcoin,,
279c52d9-a485-4a0f-a063-83dca881f838,https://chainabuse.com/report/279c52d9-a485-4a0f-a063-83dca881f838?context=browse-chain&chain=ETH,https://chainabuse.com/chain/ETH?page=6,2026-02-10T19:17:32.632856,Fake Return Scams: Secure Your Crypto Investments,"The balance of evidence corroborates the notion that Mr. Daniel Woolley was a victim of an elaborate scam for the total amount of 0.011673 BTC and 1.405781 ETH in September 2025. ● This analysis underscores the interconnected nature of the scam, revealing a network of digital and fi nancial infrastructures designed to obscure The Entity Under Investigation's identities and launder illicit funds. ● The psychological manipulation employed in this scheme, including trust-building and the illusion of security, demonstrates the sophistication of The Entity Under Investigation and underscores the importance of raising awareness about such tactics to prevent future victimization. ● Payback (Clone)’s scheme left Mr. Woolley with no viable option to pursue restitution through conventional means, necessitating this forensic investigation.",Anonymous,"on Feb 3, 2026",1,5000 GBP,0x7830c87c02e56aff27fa8ab1241711331fa86f43,Ethereum,,
b4e1469d-f78d-47a9-b97b-98dce7097e1c,https://chainabuse.com/report/b4e1469d-f78d-47a9-b97b-98dce7097e1c?context=browse-chain&chain=ETH,https://chainabuse.com/chain/ETH?page=6,2026-02-10T19:17:36.262468,Contract Exploit Scams: Stay Alert with Chainabuse,"Staked ETH from metamask many times so far. In the last time, it errored out as ""not possible to stake from your region"" and after that the hack happened, and lost $3000 ETH.",Anonymous,"on Feb 3, 2026",1,3000.00 USD,0x650352013Ba6ec6797840769fB6F393102Dc688F,Ethereum,,
f75ff6f6-5f76-498f-873e-0751ea6cb95f,https://chainabuse.com/report/f75ff6f6-5f76-498f-873e-0751ea6cb95f?context=browse-chain&chain=ETH,https://chainabuse.com/chain/ETH?page=6,2026-02-10T19:17:39.917936,Contract Exploit Scams: Stay Alert with Chainabuse,"Staked ETH from metamask many times so far. In the last time, it errored out as ""not possible to stake from your region"" and after that the hack happened, and lost $3000 ETH.",Anonymous,"on Feb 3, 2026",1,3000.00 USD,0x650352013Ba6ec6797840769fB6F393102Dc688F,Ethereum,,
43d928c9-be87-4b55-893f-e85545417402,https://chainabuse.com/report/43d928c9-be87-4b55-893f-e85545417402?context=browse-chain&chain=ETH,https://chainabuse.com/chain/ETH?page=6,2026-02-10T19:17:43.566335,Contract Exploit Scams: Stay Alert with Chainabuse,"Staked ETH from metamask many times so far. In the last time, it errored out as ""not possible to stake from your region"" and after that the hack happened, and lost $3000 ETH.",Anonymous,"on Feb 3, 2026",1,3000.00 USD,0x650352013Ba6ec6797840769fB6F393102Dc688F,Ethereum,,
3216d050-0bfe-406f-837d-c65bcb44d4b9,https://chainabuse.com/report/3216d050-0bfe-406f-837d-c65bcb44d4b9?context=browse-chain&chain=ETH,https://chainabuse.com/chain/ETH?page=6,2026-02-10T19:17:47.175899,Contract Exploit Scams: Stay Alert with Chainabuse,"Staked ETH from metamask many times so far. In the last time, it errored out as ""not possible to stake from your region"" and after that the hack happened, and lost $3000 ETH.",Anonymous,"on Feb 3, 2026",1,,0x650352013Ba6ec6797840769fB6F393102Dc688F,Ethereum,,
abb8f9bb-4872-47f6-9eef-5e1ee3c4fd62,https://chainabuse.com/report/abb8f9bb-4872-47f6-9eef-5e1ee3c4fd62?context=browse-chain&chain=ETH,https://chainabuse.com/chain/ETH?page=6,2026-02-10T19:17:50.793360,Crypto Hacks: Report and Stay Safe with Chainabuse,my metamask and solscan wallets were both drained within 24 hours,Anonymous,"on Feb 3, 2026",1,,0x77e50b22aB9639f7DF4a123170177F73C59E64FD,Ethereum,,
6ad67c65-32b6-4fbe-9813-ef66310d7879,https://chainabuse.com/report/6ad67c65-32b6-4fbe-9813-ef66310d7879?context=browse-chain&chain=ETH,https://chainabuse.com/chain/ETH?page=6,2026-02-10T19:17:54.412819,Crypto Hacks: Report and Stay Safe with Chainabuse,my metamask and solscan wallets were both drained within 24 hours,Anonymous,"on Feb 3, 2026",1,,0x77e50b22aB9639f7DF4a123170177F73C59E64FD,Ethereum,,
f2d316d6-1a60-4a78-b911-72605ad663bb,https://chainabuse.com/report/f2d316d6-1a60-4a78-b911-72605ad663bb?context=browse-chain&chain=ETH,https://chainabuse.com/chain/ETH?page=6,2026-02-10T19:17:58.039328,Crypto Hacks: Report and Stay Safe with Chainabuse,"Activity Summary: Individual theft - contact CIB Royal Thaipolice for more information Value, Origin, and Timeframe: $5M from December 2025 Investigative Intent: Pursuing seizure with LE Requested Action: Please freeze funds.",Anonymous,"on Feb 3, 2026",1,,0x628139b96c080eca092e95cfa5a6d420af14fbe0,Ethereum,,
39d68400-4927-410d-9970-a1273a7b5b5b,https://chainabuse.com/report/39d68400-4927-410d-9970-a1273a7b5b5b?context=browse-chain&chain=ETH,https://chainabuse.com/chain/ETH?page=6,2026-02-10T19:18:01.667363,Fake Return Scams: Secure Your Crypto Investments,"the group impersonated as Morgan Stanley high networth group, once I sent over the money, I realized that this is not real. requested to move funds back. The group hand wrestled me to participate in crypto trading with the promise of releasing the principle within 7 days. At this stage I could sense that I am stuck on something that is dangerous. they are asking 300K more to release funds.",Anonymous,"on Feb 3, 2026",1,830000.00 USD,0x993827FF089eF7eAb5A698f3D021edb3a3Fc37a2,Ethereum,sent 800K,https://user.ironltdfx.com/#/login
39d68400-4927-410d-9970-a1273a7b5b5b,https://chainabuse.com/report/39d68400-4927-410d-9970-a1273a7b5b5b?context=browse-chain&chain=ETH,https://chainabuse.com/chain/ETH?page=6,2026-02-10T19:18:01.667363,Fake Return Scams: Secure Your Crypto Investments,"the group impersonated as Morgan Stanley high networth group, once I sent over the money, I realized that this is not real. requested to move funds back. The group hand wrestled me to participate in crypto trading with the promise of releasing the principle within 7 days. At this stage I could sense that I am stuck on something that is dangerous. they are asking 300K more to release funds.",Anonymous,"on Feb 3, 2026",1,830000.00 USD,0x201bb0eDd40932F30246566FF87bc70c4bC21331,Ethereum,sent 30K,https://user.ironltdfx.com/#/login
3da9edf7-a748-4602-b9b5-2846ec42ec2a,https://chainabuse.com/report/3da9edf7-a748-4602-b9b5-2846ec42ec2a?context=browse-chain&chain=ETH,https://chainabuse.com/chain/ETH?page=2,2026-02-10T19:17:55.614374,Impersonation Scams: Protect Yourself on Chainabuse,they say will give me 200 k for me makeme dowload an app,Anonymous,2 days ago,1,,0xa26e711da6c030d96c2aF9Ee056206Cc61Bc4444,Ethereum,,
4e4529a0-beca-4dd1-b62d-2eee739505dd,https://chainabuse.com/report/4e4529a0-beca-4dd1-b62d-2eee739505dd?context=browse-chain&chain=ETH,https://chainabuse.com/chain/ETH?page=2,2026-02-10T19:17:59.235539,Phishing Scams: Stay Protected on Chainabuse,All funds were transferred to the scammer's address: 0x6bAB177e3cf9C4D1877a53Bf1b3138B2A8713eda and I don't know how they managed that. But I remembered that I was sent a link by someone on X (Twitter) which I attached the screenshot of. And I did click the link and I did not engage further and few days later wallet is drained. The funds are still sitting in the scammer wallet.,Anonymous,3 days ago,1,1500.00 USD,0x6bAB177e3cf9C4D1877a53Bf1b3138B2A8713eda,Ethereum,,
4e4529a0-beca-4dd1-b62d-2eee739505dd,https://chainabuse.com/report/4e4529a0-beca-4dd1-b62d-2eee739505dd?context=browse-chain&chain=ETH,https://chainabuse.com/chain/ETH?page=2,2026-02-10T19:17:59.235539,Phishing Scams: Stay Protected on Chainabuse,All funds were transferred to the scammer's address: 0x6bAB177e3cf9C4D1877a53Bf1b3138B2A8713eda and I don't know how they managed that. But I remembered that I was sent a link by someone on X (Twitter) which I attached the screenshot of. And I did click the link and I did not engage further and few days later wallet is drained. The funds are still sitting in the scammer wallet.,Anonymous,3 days ago,1,1500.00 USD,0x6bAB177e3cf9C4D1877a53Bf1b3138B2A8713eda,Ethereum,,
a76dbe59-7668-4a62-9743-75963cfe0e33,https://chainabuse.com/report/a76dbe59-7668-4a62-9743-75963cfe0e33?context=browse-chain&chain=ETH,https://chainabuse.com/chain/ETH?page=2,2026-02-10T19:18:02.874370,Fake Return Scams: Secure Your Crypto Investments,"Dear Sir/Madam, I was a victim of a scam consisting in investitions by ETH crypto. All the amounts were transfered by Revolut to the wallet addresses 0xd221494edb938d39391b19324fad8c1a95e6597c and 0x9dc5c87f8413ca3000f629ba6cb239b6da3ee9d8, and two other amounts to the wallet address 0x763bc9a0cfD6BDAe310d75E3e497979F0c1583f3 by an bitcoin ATM. The conversations with the scammers were by whatsapp calls or whatsapp messages, and only several ones by phone calls. With the first scam person (Alin Toma) I have replyed some mails. I have saved all the conversations by whatsapp messages with the scammers and I can provide you the Revolut extras for the crypto transactions. The main scam used me to fraud others two persons by ING bank. He told me that the money send to my ING account are from their accountancy service, but, actually, they were from the two frauded persons. He told me to transfer the money in my Revolut account, then to convert to ETH crypto and then to sent to the one of the previous wallet address for the better investitions. I filed a complaint to the police in november 2024, but only now they don't found anything. Please help me to trace the crypto transactions and to identify the scammers.",Anonymous,3 days ago,0,31686.12 USD,0xd221494edb938d39391b19324fad8c1a95e6597c,Ethereum,,"traduex.com, traduex.com"
a76dbe59-7668-4a62-9743-75963cfe0e33,https://chainabuse.com/report/a76dbe59-7668-4a62-9743-75963cfe0e33?context=browse-chain&chain=ETH,https://chainabuse.com/chain/ETH?page=2,2026-02-10T19:18:02.874370,Fake Return Scams: Secure Your Crypto Investments,"Dear Sir/Madam, I was a victim of a scam consisting in investitions by ETH crypto. All the amounts were transfered by Revolut to the wallet addresses 0xd221494edb938d39391b19324fad8c1a95e6597c and 0x9dc5c87f8413ca3000f629ba6cb239b6da3ee9d8, and two other amounts to the wallet address 0x763bc9a0cfD6BDAe310d75E3e497979F0c1583f3 by an bitcoin ATM. The conversations with the scammers were by whatsapp calls or whatsapp messages, and only several ones by phone calls. With the first scam person (Alin Toma) I have replyed some mails. I have saved all the conversations by whatsapp messages with the scammers and I can provide you the Revolut extras for the crypto transactions. The main scam used me to fraud others two persons by ING bank. He told me that the money send to my ING account are from their accountancy service, but, actually, they were from the two frauded persons. He told me to transfer the money in my Revolut account, then to convert to ETH crypto and then to sent to the one of the previous wallet address for the better investitions. I filed a complaint to the police in november 2024, but only now they don't found anything. Please help me to trace the crypto transactions and to identify the scammers.",Anonymous,3 days ago,0,31686.12 USD,0xd221494edb938d39391b19324fad8c1a95e6597c,Ethereum,,"traduex.com, traduex.com"
28bd4b08-53a5-4ef0-a010-f76d87a27a61,https://chainabuse.com/report/28bd4b08-53a5-4ef0-a010-f76d87a27a61?context=browse-chain&chain=ETH,https://chainabuse.com/chain/ETH?page=2,2026-02-10T19:18:06.506319,Report Miscellaneous Crypto Scams with Chainabuse: Can't withdrawal my fund,I deposited some money on the website linoswap.io,Anonymous,3 days ago,1,2097.77 USD,0x01bBFD22b1fB69d3D21a975a3E5b2bC8895F3591,Ethereum,,Linoswap.io
63f6e256-2773-470f-a70b-d44f53145709,https://chainabuse.com/report/63f6e256-2773-470f-a70b-d44f53145709?context=browse-chain&chain=ETH,https://chainabuse.com/chain/ETH?page=2,2026-02-10T19:18:10.132247,Crypto Hacks: Report and Stay Safe with Chainabuse,"Saw a post on twitter on an AI tool and it directed to a website neuravision.us It showed me three plans like free, pro, etc. I chose free and it asked me to download the file and enter a promo code to generate more videos. I installed but it showed me some error popups as if the installation was unsuccessful. I got skeptical and run virus scan on my computer but the results were normal. Analyzed the .exe file using virus scan tools but still the file was shown as clean. And then after few hours my metamask wallet was hacked and funds were stolen.",Anonymous,3 days ago,1,3600.00 USD,0x9a3eca0e5f31636177468f738bcdf124ab1b6796,Ethereum,,neuravision.us
3cd94aad-36e5-46b1-bcdd-e0d3a59c5326,https://chainabuse.com/report/3cd94aad-36e5-46b1-bcdd-e0d3a59c5326?context=browse-chain&chain=ETH,https://chainabuse.com/chain/ETH?page=2,2026-02-10T19:18:13.767570,Impersonation Scams: Protect Yourself on Chainabuse,"scammer / impersonator sends a private message inquiring about sending them ""urgently needed"" cryptocurrency stablecoin USDT over the ethereum or tron networks.  the scammer promised to reimburse the equivalent value in local currency via bank / debit card transfer.  instead, after receiving 3 separate transfers over the span of a few days which totaled over 3500 USDT, the scammer / impersonator finally deletes all traces of our message history. the message came from an account / person that was known to me, but we haven't been in touch for over a year. it's not clear to me if the same person scammed me, or if it was an impersonator with a stolen account that did so.  i have screenshots of our chat log before the deletion.  the account holder is based in russia, and i assume that the account holder's potential impersonator is also based in russia.",Anonymous,3 days ago,1,3800.00 USD,0x61290536Bd50E92AE046148337Ea2A7E01400986,Ethereum,scammer wallet address,https://www.facebook.com/sasha.flok.2025
a6fcd6f1-4bd5-4d27-9872-6535e51d546f,https://chainabuse.com/report/a6fcd6f1-4bd5-4d27-9872-6535e51d546f?context=browse-chain&chain=ETH,https://chainabuse.com/chain/ETH?page=2,2026-02-10T19:18:17.403504,Crypto Hacks: Report and Stay Safe with Chainabuse,No direct transfer was initiated by the victim; theft occurred via off-chain signature hijacking. Victim Wallet 0x399aeb575c9bc324be0e3898f274ba9629211be0 AiTM phishing attack on 2 FEB 2026. The attacker used a Permit2 signature exploit to drain my assets. Theft Transaction: 0x00fe9e1c8676de1cc7a431f070f97cc6881408eae8acdc53dcc6a3aa37dd192a Attacker's Loot Wallet: 0x3076ce666f707776aaf75f6c44f8c4085375a66f my initial investment was $20k.,Anonymous,3 days ago,1,13370.00 USD,0x3076ce666f707776aaf75f6c44f8c4085375a66f,Ethereum,,
a3ab4904-50a7-4443-98a8-d86fa51bbf80,https://chainabuse.com/report/a3ab4904-50a7-4443-98a8-d86fa51bbf80?context=browse-chain&chain=ETH,https://chainabuse.com/chain/ETH?page=2,2026-02-10T19:18:21.019963,Phishing Scams: Stay Protected on Chainabuse,"THREAT INTELLIGENCE REPORT: Inferno Drainer Phishing Contract This is a malicious smart contract operated by ""Inferno Drainer,"" an active Drainer-as-a-Service (DaaS) operation targeting Web3 users. IDENTIFICATION: - Address: 0x000062accd1a9d62ef428ec86ca3dd4f45120000 - Chain: Ethereum Mainnet - Status: ACTIVE - Etherscan Label: Phishing (community-verified) THREAT ACTOR PROFILE: - Name: Inferno Drainer - Type: Drainer-as-a-Service (DaaS) - Total stolen (6 months): $9M+ across 30,000+ victim wallets - Historical total: $80M+ claimed by operators - Affiliate model: 70/30 split (affiliate/operator) TECHNICAL INDICATORS: - Vanity address pattern: 0x0000...0000 (trademark of Inferno Drainer) - Exploits token approvals (approve, setApprovalForAll, Permit2) - Known to abuse EIP-7702 account abstraction - C2 infrastructure: Cloudflare Workers - Hosting: 77% of phishing domains on Vercel WARNING: Do not interact with this contract. It is designed to drain wallets via malicious approval transactions. Reported by: CyberLeakWatch Investigations Detection date: 2026-02-06 Confidence: 99%",Anonymous,3 days ago,1,9000000.00 USD,0x000062accd1a9d62ef428ec86ca3dd4f45120000,Ethereum,Inferno Drainer #3,
0eb716e0-de34-43f7-a62a-34345cd30eb0,https://chainabuse.com/report/0eb716e0-de34-43f7-a62a-34345cd30eb0?context=browse-chain&chain=ETH,https://chainabuse.com/chain/ETH?page=2,2026-02-10T19:18:24.641937,"Report Miscellaneous Crypto Scams with Chainabuse: ""Phishing""","THREAT INTELLIGENCE REPORT: Inferno Drainer Phishing Contract This is a malicious smart contract operated by ""Inferno Drainer,"" an active Drainer-as-a-Service (DaaS) operation targeting Web3 users. IDENTIFICATION: - Address: 0x0000daf60a1becf1bd617c584dea964455890000               - Chain: Ethereum Mainnet - Status: ACTIVE - Etherscan Label: Phishing (community-verified) THREAT ACTOR PROFILE: - Name: Inferno Drainer - Type: Drainer-as-a-Service (DaaS) - Total stolen (6 months): $9M+ across 30,000+ victim wallets - Historical total: $80M+ claimed by operators - Affiliate model: 70/30 split (affiliate/operator) TECHNICAL INDICATORS: - Vanity address pattern: 0x0000...0000 (trademark of Inferno Drainer) - Exploits token approvals (approve, setApprovalForAll, Permit2) - Known to abuse EIP-7702 account abstraction - C2 infrastructure: Cloudflare Workers - Hosting: 77% of phishing domains on Vercel WARNING: Do not interact with this contract. It is designed to drain wallets via malicious approval transactions. Reported by: CyberLeakWatch Investigations Detection date: 2026-02-06 Confidence: 99%",Anonymous,3 days ago,1,9000000.00 USD,0x0000daf60a1becf1bd617c584dea964455890000,Ethereum,Inferno Drainer Phishing,https://etherscan.io/address/0x0000daf60a1becf1bd617c584dea964455890000
85f0bf63-433f-4efd-95c4-4d07ec0a04ed,https://chainabuse.com/report/85f0bf63-433f-4efd-95c4-4d07ec0a04ed?context=browse-chain&chain=ETH,https://chainabuse.com/chain/ETH?page=2,2026-02-10T19:18:28.264458,Report Miscellaneous Crypto Scams with Chainabuse: WFLR/FXRP stolen Bifrost,"i use the bifrost wallet. I wrapped flare on dec 8, 2025. Every three or four days I have received a few pennies worth of Wrapped Flare into my wallet. Then suddenly on Jan 23, 2026 at 04:57 EST, all my wrapped flare went to a wallet ending in 66CdF55235244. I also had FXRP go to the same wallet address. I do not know why this happened.",Anonymous,4 days ago,1,,0xfd5e5B7aF329AB2E6cF6591B58B66CdF55235244,Ethereum,,
5fdc2041-219c-4aae-9314-414a1740f105,https://chainabuse.com/report/5fdc2041-219c-4aae-9314-414a1740f105?context=browse-chain&chain=ETH,https://chainabuse.com/chain/ETH?page=2,2026-02-10T19:18:31.925316,Crypto Hacks: Report and Stay Safe with Chainabuse,"I'd like to inform you that on December 22, 2025, my wallet was hacked (I assume it was compromised), but surprisingly, it wasn't completely drained. On December 22, 2025, approvals were made for coin swaps and withdrawals. Most were converted to $ETH. All $ETH (Ethereum, Arbitrum, Linea, Base), $ZRO (Arbitrum, Base), and $AERO (Base) tokens were sent to the scammer's addresses. How? I have no idea. My only guess is that it was due to the Aerodrome Finance hack in December, because I wasn't interacting with the EVM at the time and therefore couldn't secure my wallet in a timely manner. December 21-22, 2025, all activity on wallet 0x22771aB6cff233409d253f2Aad0B4976427A4436 was carried out by scammers! I'm assuming I'm not the only one, so I suggest blacklisting the scammer's addresses, as they still contain tokens.",Anonymous,4 days ago,1,1500.00 USD,0xF5512927C29B0A24A3492388AfBb24a11be0F48F,Ethereum,,
5fdc2041-219c-4aae-9314-414a1740f105,https://chainabuse.com/report/5fdc2041-219c-4aae-9314-414a1740f105?context=browse-chain&chain=ETH,https://chainabuse.com/chain/ETH?page=2,2026-02-10T19:18:31.925316,Crypto Hacks: Report and Stay Safe with Chainabuse,"I'd like to inform you that on December 22, 2025, my wallet was hacked (I assume it was compromised), but surprisingly, it wasn't completely drained. On December 22, 2025, approvals were made for coin swaps and withdrawals. Most were converted to $ETH. All $ETH (Ethereum, Arbitrum, Linea, Base), $ZRO (Arbitrum, Base), and $AERO (Base) tokens were sent to the scammer's addresses. How? I have no idea. My only guess is that it was due to the Aerodrome Finance hack in December, because I wasn't interacting with the EVM at the time and therefore couldn't secure my wallet in a timely manner. December 21-22, 2025, all activity on wallet 0x22771aB6cff233409d253f2Aad0B4976427A4436 was carried out by scammers! I'm assuming I'm not the only one, so I suggest blacklisting the scammer's addresses, as they still contain tokens.",Anonymous,4 days ago,1,1500.00 USD,0x01E6A33751257181b49CFEBc6A4cf4495AA58871,Ethereum,,
5fdc2041-219c-4aae-9314-414a1740f105,https://chainabuse.com/report/5fdc2041-219c-4aae-9314-414a1740f105?context=browse-chain&chain=ETH,https://chainabuse.com/chain/ETH?page=2,2026-02-10T19:18:31.925316,Crypto Hacks: Report and Stay Safe with Chainabuse,"I'd like to inform you that on December 22, 2025, my wallet was hacked (I assume it was compromised), but surprisingly, it wasn't completely drained. On December 22, 2025, approvals were made for coin swaps and withdrawals. Most were converted to $ETH. All $ETH (Ethereum, Arbitrum, Linea, Base), $ZRO (Arbitrum, Base), and $AERO (Base) tokens were sent to the scammer's addresses. How? I have no idea. My only guess is that it was due to the Aerodrome Finance hack in December, because I wasn't interacting with the EVM at the time and therefore couldn't secure my wallet in a timely manner. December 21-22, 2025, all activity on wallet 0x22771aB6cff233409d253f2Aad0B4976427A4436 was carried out by scammers! I'm assuming I'm not the only one, so I suggest blacklisting the scammer's addresses, as they still contain tokens.",Anonymous,4 days ago,1,1500.00 USD,0x06cf09fCC3C3031780e9cd5239E0FE2d4698704f,Ethereum,,
5fdc2041-219c-4aae-9314-414a1740f105,https://chainabuse.com/report/5fdc2041-219c-4aae-9314-414a1740f105?context=browse-chain&chain=ETH,https://chainabuse.com/chain/ETH?page=2,2026-02-10T19:18:31.925316,Crypto Hacks: Report and Stay Safe with Chainabuse,"I'd like to inform you that on December 22, 2025, my wallet was hacked (I assume it was compromised), but surprisingly, it wasn't completely drained. On December 22, 2025, approvals were made for coin swaps and withdrawals. Most were converted to $ETH. All $ETH (Ethereum, Arbitrum, Linea, Base), $ZRO (Arbitrum, Base), and $AERO (Base) tokens were sent to the scammer's addresses. How? I have no idea. My only guess is that it was due to the Aerodrome Finance hack in December, because I wasn't interacting with the EVM at the time and therefore couldn't secure my wallet in a timely manner. December 21-22, 2025, all activity on wallet 0x22771aB6cff233409d253f2Aad0B4976427A4436 was carried out by scammers! I'm assuming I'm not the only one, so I suggest blacklisting the scammer's addresses, as they still contain tokens.",Anonymous,4 days ago,1,1500.00 USD,0x0fc28AcE7164BCe4aBc83Ab43DF51d109AC4bEB2,Ethereum,,
5fdc2041-219c-4aae-9314-414a1740f105,https://chainabuse.com/report/5fdc2041-219c-4aae-9314-414a1740f105?context=browse-chain&chain=ETH,https://chainabuse.com/chain/ETH?page=2,2026-02-10T19:18:31.925316,Crypto Hacks: Report and Stay Safe with Chainabuse,"I'd like to inform you that on December 22, 2025, my wallet was hacked (I assume it was compromised), but surprisingly, it wasn't completely drained. On December 22, 2025, approvals were made for coin swaps and withdrawals. Most were converted to $ETH. All $ETH (Ethereum, Arbitrum, Linea, Base), $ZRO (Arbitrum, Base), and $AERO (Base) tokens were sent to the scammer's addresses. How? I have no idea. My only guess is that it was due to the Aerodrome Finance hack in December, because I wasn't interacting with the EVM at the time and therefore couldn't secure my wallet in a timely manner. December 21-22, 2025, all activity on wallet 0x22771aB6cff233409d253f2Aad0B4976427A4436 was carried out by scammers! I'm assuming I'm not the only one, so I suggest blacklisting the scammer's addresses, as they still contain tokens.",Anonymous,4 days ago,1,1500.00 USD,0x10A21a222894791eA4DA6821aAc88f053ac9b936,Ethereum,,
5fdc2041-219c-4aae-9314-414a1740f105,https://chainabuse.com/report/5fdc2041-219c-4aae-9314-414a1740f105?context=browse-chain&chain=ETH,https://chainabuse.com/chain/ETH?page=2,2026-02-10T19:18:31.925316,Crypto Hacks: Report and Stay Safe with Chainabuse,"I'd like to inform you that on December 22, 2025, my wallet was hacked (I assume it was compromised), but surprisingly, it wasn't completely drained. On December 22, 2025, approvals were made for coin swaps and withdrawals. Most were converted to $ETH. All $ETH (Ethereum, Arbitrum, Linea, Base), $ZRO (Arbitrum, Base), and $AERO (Base) tokens were sent to the scammer's addresses. How? I have no idea. My only guess is that it was due to the Aerodrome Finance hack in December, because I wasn't interacting with the EVM at the time and therefore couldn't secure my wallet in a timely manner. December 21-22, 2025, all activity on wallet 0x22771aB6cff233409d253f2Aad0B4976427A4436 was carried out by scammers! I'm assuming I'm not the only one, so I suggest blacklisting the scammer's addresses, as they still contain tokens.",Anonymous,4 days ago,1,1500.00 USD,0x127F19d6F3d3A0Fc447BB41268a9bAaC62c50791,Ethereum,,
5fdc2041-219c-4aae-9314-414a1740f105,https://chainabuse.com/report/5fdc2041-219c-4aae-9314-414a1740f105?context=browse-chain&chain=ETH,https://chainabuse.com/chain/ETH?page=2,2026-02-10T19:18:31.925316,Crypto Hacks: Report and Stay Safe with Chainabuse,"I'd like to inform you that on December 22, 2025, my wallet was hacked (I assume it was compromised), but surprisingly, it wasn't completely drained. On December 22, 2025, approvals were made for coin swaps and withdrawals. Most were converted to $ETH. All $ETH (Ethereum, Arbitrum, Linea, Base), $ZRO (Arbitrum, Base), and $AERO (Base) tokens were sent to the scammer's addresses. How? I have no idea. My only guess is that it was due to the Aerodrome Finance hack in December, because I wasn't interacting with the EVM at the time and therefore couldn't secure my wallet in a timely manner. December 21-22, 2025, all activity on wallet 0x22771aB6cff233409d253f2Aad0B4976427A4436 was carried out by scammers! I'm assuming I'm not the only one, so I suggest blacklisting the scammer's addresses, as they still contain tokens.",Anonymous,4 days ago,1,1500.00 USD,0x17Ade07e58C64435E5F622E21C5f02A47925E39F,Ethereum,,
5fdc2041-219c-4aae-9314-414a1740f105,https://chainabuse.com/report/5fdc2041-219c-4aae-9314-414a1740f105?context=browse-chain&chain=ETH,https://chainabuse.com/chain/ETH?page=2,2026-02-10T19:18:31.925316,Crypto Hacks: Report and Stay Safe with Chainabuse,"I'd like to inform you that on December 22, 2025, my wallet was hacked (I assume it was compromised), but surprisingly, it wasn't completely drained. On December 22, 2025, approvals were made for coin swaps and withdrawals. Most were converted to $ETH. All $ETH (Ethereum, Arbitrum, Linea, Base), $ZRO (Arbitrum, Base), and $AERO (Base) tokens were sent to the scammer's addresses. How? I have no idea. My only guess is that it was due to the Aerodrome Finance hack in December, because I wasn't interacting with the EVM at the time and therefore couldn't secure my wallet in a timely manner. December 21-22, 2025, all activity on wallet 0x22771aB6cff233409d253f2Aad0B4976427A4436 was carried out by scammers! I'm assuming I'm not the only one, so I suggest blacklisting the scammer's addresses, as they still contain tokens.",Anonymous,4 days ago,1,1500.00 USD,0x1846ab1ccA804F7Ce590B14F9F979d64F50E75DB,Ethereum,,
5fdc2041-219c-4aae-9314-414a1740f105,https://chainabuse.com/report/5fdc2041-219c-4aae-9314-414a1740f105?context=browse-chain&chain=ETH,https://chainabuse.com/chain/ETH?page=2,2026-02-10T19:18:31.925316,Crypto Hacks: Report and Stay Safe with Chainabuse,"I'd like to inform you that on December 22, 2025, my wallet was hacked (I assume it was compromised), but surprisingly, it wasn't completely drained. On December 22, 2025, approvals were made for coin swaps and withdrawals. Most were converted to $ETH. All $ETH (Ethereum, Arbitrum, Linea, Base), $ZRO (Arbitrum, Base), and $AERO (Base) tokens were sent to the scammer's addresses. How? I have no idea. My only guess is that it was due to the Aerodrome Finance hack in December, because I wasn't interacting with the EVM at the time and therefore couldn't secure my wallet in a timely manner. December 21-22, 2025, all activity on wallet 0x22771aB6cff233409d253f2Aad0B4976427A4436 was carried out by scammers! I'm assuming I'm not the only one, so I suggest blacklisting the scammer's addresses, as they still contain tokens.",Anonymous,4 days ago,1,1500.00 USD,0x18Bead774f927Af586F86F6d054C269416E163DD,Ethereum,,
5fdc2041-219c-4aae-9314-414a1740f105,https://chainabuse.com/report/5fdc2041-219c-4aae-9314-414a1740f105?context=browse-chain&chain=ETH,https://chainabuse.com/chain/ETH?page=2,2026-02-10T19:18:31.925316,Crypto Hacks: Report and Stay Safe with Chainabuse,"I'd like to inform you that on December 22, 2025, my wallet was hacked (I assume it was compromised), but surprisingly, it wasn't completely drained. On December 22, 2025, approvals were made for coin swaps and withdrawals. Most were converted to $ETH. All $ETH (Ethereum, Arbitrum, Linea, Base), $ZRO (Arbitrum, Base), and $AERO (Base) tokens were sent to the scammer's addresses. How? I have no idea. My only guess is that it was due to the Aerodrome Finance hack in December, because I wasn't interacting with the EVM at the time and therefore couldn't secure my wallet in a timely manner. December 21-22, 2025, all activity on wallet 0x22771aB6cff233409d253f2Aad0B4976427A4436 was carried out by scammers! I'm assuming I'm not the only one, so I suggest blacklisting the scammer's addresses, as they still contain tokens.",Anonymous,4 days ago,1,1500.00 USD,0x1b2d89bEEBbb4e4b83c7454b62F076937144941e,Ethereum,,
5fdc2041-219c-4aae-9314-414a1740f105,https://chainabuse.com/report/5fdc2041-219c-4aae-9314-414a1740f105?context=browse-chain&chain=ETH,https://chainabuse.com/chain/ETH?page=2,2026-02-10T19:18:31.925316,Crypto Hacks: Report and Stay Safe with Chainabuse,"I'd like to inform you that on December 22, 2025, my wallet was hacked (I assume it was compromised), but surprisingly, it wasn't completely drained. On December 22, 2025, approvals were made for coin swaps and withdrawals. Most were converted to $ETH. All $ETH (Ethereum, Arbitrum, Linea, Base), $ZRO (Arbitrum, Base), and $AERO (Base) tokens were sent to the scammer's addresses. How? I have no idea. My only guess is that it was due to the Aerodrome Finance hack in December, because I wasn't interacting with the EVM at the time and therefore couldn't secure my wallet in a timely manner. December 21-22, 2025, all activity on wallet 0x22771aB6cff233409d253f2Aad0B4976427A4436 was carried out by scammers! I'm assuming I'm not the only one, so I suggest blacklisting the scammer's addresses, as they still contain tokens.",Anonymous,4 days ago,1,1500.00 USD,0x2839D42872e8242F892e75b74d5C78Bbc80F1c0C,Ethereum,,
5fdc2041-219c-4aae-9314-414a1740f105,https://chainabuse.com/report/5fdc2041-219c-4aae-9314-414a1740f105?context=browse-chain&chain=ETH,https://chainabuse.com/chain/ETH?page=2,2026-02-10T19:18:31.925316,Crypto Hacks: Report and Stay Safe with Chainabuse,"I'd like to inform you that on December 22, 2025, my wallet was hacked (I assume it was compromised), but surprisingly, it wasn't completely drained. On December 22, 2025, approvals were made for coin swaps and withdrawals. Most were converted to $ETH. All $ETH (Ethereum, Arbitrum, Linea, Base), $ZRO (Arbitrum, Base), and $AERO (Base) tokens were sent to the scammer's addresses. How? I have no idea. My only guess is that it was due to the Aerodrome Finance hack in December, because I wasn't interacting with the EVM at the time and therefore couldn't secure my wallet in a timely manner. December 21-22, 2025, all activity on wallet 0x22771aB6cff233409d253f2Aad0B4976427A4436 was carried out by scammers! I'm assuming I'm not the only one, so I suggest blacklisting the scammer's addresses, as they still contain tokens.",Anonymous,4 days ago,1,1500.00 USD,0x32eF20CF5fcad5C9622B8B126906686A5cF64180,Ethereum,,
5fdc2041-219c-4aae-9314-414a1740f105,https://chainabuse.com/report/5fdc2041-219c-4aae-9314-414a1740f105?context=browse-chain&chain=ETH,https://chainabuse.com/chain/ETH?page=2,2026-02-10T19:18:31.925316,Crypto Hacks: Report and Stay Safe with Chainabuse,"I'd like to inform you that on December 22, 2025, my wallet was hacked (I assume it was compromised), but surprisingly, it wasn't completely drained. On December 22, 2025, approvals were made for coin swaps and withdrawals. Most were converted to $ETH. All $ETH (Ethereum, Arbitrum, Linea, Base), $ZRO (Arbitrum, Base), and $AERO (Base) tokens were sent to the scammer's addresses. How? I have no idea. My only guess is that it was due to the Aerodrome Finance hack in December, because I wasn't interacting with the EVM at the time and therefore couldn't secure my wallet in a timely manner. December 21-22, 2025, all activity on wallet 0x22771aB6cff233409d253f2Aad0B4976427A4436 was carried out by scammers! I'm assuming I'm not the only one, so I suggest blacklisting the scammer's addresses, as they still contain tokens.",Anonymous,4 days ago,1,1500.00 USD,0x378b2e1040eA9afFc8E7Dc6fe1391e8504089aA0,Ethereum,,
5fdc2041-219c-4aae-9314-414a1740f105,https://chainabuse.com/report/5fdc2041-219c-4aae-9314-414a1740f105?context=browse-chain&chain=ETH,https://chainabuse.com/chain/ETH?page=2,2026-02-10T19:18:31.925316,Crypto Hacks: Report and Stay Safe with Chainabuse,"I'd like to inform you that on December 22, 2025, my wallet was hacked (I assume it was compromised), but surprisingly, it wasn't completely drained. On December 22, 2025, approvals were made for coin swaps and withdrawals. Most were converted to $ETH. All $ETH (Ethereum, Arbitrum, Linea, Base), $ZRO (Arbitrum, Base), and $AERO (Base) tokens were sent to the scammer's addresses. How? I have no idea. My only guess is that it was due to the Aerodrome Finance hack in December, because I wasn't interacting with the EVM at the time and therefore couldn't secure my wallet in a timely manner. December 21-22, 2025, all activity on wallet 0x22771aB6cff233409d253f2Aad0B4976427A4436 was carried out by scammers! I'm assuming I'm not the only one, so I suggest blacklisting the scammer's addresses, as they still contain tokens.",Anonymous,4 days ago,1,1500.00 USD,0x3a8Af2ECfe898e1dAE25C02A400A176517a47aC6,Ethereum,,
5fdc2041-219c-4aae-9314-414a1740f105,https://chainabuse.com/report/5fdc2041-219c-4aae-9314-414a1740f105?context=browse-chain&chain=ETH,https://chainabuse.com/chain/ETH?page=2,2026-02-10T19:18:31.925316,Crypto Hacks: Report and Stay Safe with Chainabuse,"I'd like to inform you that on December 22, 2025, my wallet was hacked (I assume it was compromised), but surprisingly, it wasn't completely drained. On December 22, 2025, approvals were made for coin swaps and withdrawals. Most were converted to $ETH. All $ETH (Ethereum, Arbitrum, Linea, Base), $ZRO (Arbitrum, Base), and $AERO (Base) tokens were sent to the scammer's addresses. How? I have no idea. My only guess is that it was due to the Aerodrome Finance hack in December, because I wasn't interacting with the EVM at the time and therefore couldn't secure my wallet in a timely manner. December 21-22, 2025, all activity on wallet 0x22771aB6cff233409d253f2Aad0B4976427A4436 was carried out by scammers! I'm assuming I'm not the only one, so I suggest blacklisting the scammer's addresses, as they still contain tokens.",Anonymous,4 days ago,1,1500.00 USD,0x3D08ab4c907E0cbCe56a3D55c9024a0769c86bA7,Ethereum,,
5fdc2041-219c-4aae-9314-414a1740f105,https://chainabuse.com/report/5fdc2041-219c-4aae-9314-414a1740f105?context=browse-chain&chain=ETH,https://chainabuse.com/chain/ETH?page=2,2026-02-10T19:18:31.925316,Crypto Hacks: Report and Stay Safe with Chainabuse,"I'd like to inform you that on December 22, 2025, my wallet was hacked (I assume it was compromised), but surprisingly, it wasn't completely drained. On December 22, 2025, approvals were made for coin swaps and withdrawals. Most were converted to $ETH. All $ETH (Ethereum, Arbitrum, Linea, Base), $ZRO (Arbitrum, Base), and $AERO (Base) tokens were sent to the scammer's addresses. How? I have no idea. My only guess is that it was due to the Aerodrome Finance hack in December, because I wasn't interacting with the EVM at the time and therefore couldn't secure my wallet in a timely manner. December 21-22, 2025, all activity on wallet 0x22771aB6cff233409d253f2Aad0B4976427A4436 was carried out by scammers! I'm assuming I'm not the only one, so I suggest blacklisting the scammer's addresses, as they still contain tokens.",Anonymous,4 days ago,1,1500.00 USD,0x3e3A98E54B6ad6a6cB777cD1A70c19206B08F869,Ethereum,,
5fdc2041-219c-4aae-9314-414a1740f105,https://chainabuse.com/report/5fdc2041-219c-4aae-9314-414a1740f105?context=browse-chain&chain=ETH,https://chainabuse.com/chain/ETH?page=2,2026-02-10T19:18:31.925316,Crypto Hacks: Report and Stay Safe with Chainabuse,"I'd like to inform you that on December 22, 2025, my wallet was hacked (I assume it was compromised), but surprisingly, it wasn't completely drained. On December 22, 2025, approvals were made for coin swaps and withdrawals. Most were converted to $ETH. All $ETH (Ethereum, Arbitrum, Linea, Base), $ZRO (Arbitrum, Base), and $AERO (Base) tokens were sent to the scammer's addresses. How? I have no idea. My only guess is that it was due to the Aerodrome Finance hack in December, because I wasn't interacting with the EVM at the time and therefore couldn't secure my wallet in a timely manner. December 21-22, 2025, all activity on wallet 0x22771aB6cff233409d253f2Aad0B4976427A4436 was carried out by scammers! I'm assuming I'm not the only one, so I suggest blacklisting the scammer's addresses, as they still contain tokens.",Anonymous,4 days ago,1,1500.00 USD,0x4c0Da78a780AE2d3f843656534c610534149CA51,Ethereum,,
5fdc2041-219c-4aae-9314-414a1740f105,https://chainabuse.com/report/5fdc2041-219c-4aae-9314-414a1740f105?context=browse-chain&chain=ETH,https://chainabuse.com/chain/ETH?page=2,2026-02-10T19:18:31.925316,Crypto Hacks: Report and Stay Safe with Chainabuse,"I'd like to inform you that on December 22, 2025, my wallet was hacked (I assume it was compromised), but surprisingly, it wasn't completely drained. On December 22, 2025, approvals were made for coin swaps and withdrawals. Most were converted to $ETH. All $ETH (Ethereum, Arbitrum, Linea, Base), $ZRO (Arbitrum, Base), and $AERO (Base) tokens were sent to the scammer's addresses. How? I have no idea. My only guess is that it was due to the Aerodrome Finance hack in December, because I wasn't interacting with the EVM at the time and therefore couldn't secure my wallet in a timely manner. December 21-22, 2025, all activity on wallet 0x22771aB6cff233409d253f2Aad0B4976427A4436 was carried out by scammers! I'm assuming I'm not the only one, so I suggest blacklisting the scammer's addresses, as they still contain tokens.",Anonymous,4 days ago,1,1500.00 USD,0x4f69383c3cAf28B18042f25A5648Be34c688F843,Ethereum,,
5fdc2041-219c-4aae-9314-414a1740f105,https://chainabuse.com/report/5fdc2041-219c-4aae-9314-414a1740f105?context=browse-chain&chain=ETH,https://chainabuse.com/chain/ETH?page=2,2026-02-10T19:18:31.925316,Crypto Hacks: Report and Stay Safe with Chainabuse,"I'd like to inform you that on December 22, 2025, my wallet was hacked (I assume it was compromised), but surprisingly, it wasn't completely drained. On December 22, 2025, approvals were made for coin swaps and withdrawals. Most were converted to $ETH. All $ETH (Ethereum, Arbitrum, Linea, Base), $ZRO (Arbitrum, Base), and $AERO (Base) tokens were sent to the scammer's addresses. How? I have no idea. My only guess is that it was due to the Aerodrome Finance hack in December, because I wasn't interacting with the EVM at the time and therefore couldn't secure my wallet in a timely manner. December 21-22, 2025, all activity on wallet 0x22771aB6cff233409d253f2Aad0B4976427A4436 was carried out by scammers! I'm assuming I'm not the only one, so I suggest blacklisting the scammer's addresses, as they still contain tokens.",Anonymous,4 days ago,1,1500.00 USD,0x53F9ecBd3ce8d948c6e4133f5A949Bb872Da2056,Ethereum,,
5fdc2041-219c-4aae-9314-414a1740f105,https://chainabuse.com/report/5fdc2041-219c-4aae-9314-414a1740f105?context=browse-chain&chain=ETH,https://chainabuse.com/chain/ETH?page=2,2026-02-10T19:18:31.925316,Crypto Hacks: Report and Stay Safe with Chainabuse,"I'd like to inform you that on December 22, 2025, my wallet was hacked (I assume it was compromised), but surprisingly, it wasn't completely drained. On December 22, 2025, approvals were made for coin swaps and withdrawals. Most were converted to $ETH. All $ETH (Ethereum, Arbitrum, Linea, Base), $ZRO (Arbitrum, Base), and $AERO (Base) tokens were sent to the scammer's addresses. How? I have no idea. My only guess is that it was due to the Aerodrome Finance hack in December, because I wasn't interacting with the EVM at the time and therefore couldn't secure my wallet in a timely manner. December 21-22, 2025, all activity on wallet 0x22771aB6cff233409d253f2Aad0B4976427A4436 was carried out by scammers! I'm assuming I'm not the only one, so I suggest blacklisting the scammer's addresses, as they still contain tokens.",Anonymous,4 days ago,1,1500.00 USD,0x5712792aC7a552e33f594380a7318d1bCb83ade5,Ethereum,,
5fdc2041-219c-4aae-9314-414a1740f105,https://chainabuse.com/report/5fdc2041-219c-4aae-9314-414a1740f105?context=browse-chain&chain=ETH,https://chainabuse.com/chain/ETH?page=2,2026-02-10T19:18:31.925316,Crypto Hacks: Report and Stay Safe with Chainabuse,"I'd like to inform you that on December 22, 2025, my wallet was hacked (I assume it was compromised), but surprisingly, it wasn't completely drained. On December 22, 2025, approvals were made for coin swaps and withdrawals. Most were converted to $ETH. All $ETH (Ethereum, Arbitrum, Linea, Base), $ZRO (Arbitrum, Base), and $AERO (Base) tokens were sent to the scammer's addresses. How? I have no idea. My only guess is that it was due to the Aerodrome Finance hack in December, because I wasn't interacting with the EVM at the time and therefore couldn't secure my wallet in a timely manner. December 21-22, 2025, all activity on wallet 0x22771aB6cff233409d253f2Aad0B4976427A4436 was carried out by scammers! I'm assuming I'm not the only one, so I suggest blacklisting the scammer's addresses, as they still contain tokens.",Anonymous,4 days ago,1,1500.00 USD,0x573E801f6Ea3870B667ED4Cf9007b26ff48d24Bc,Ethereum,,
5fdc2041-219c-4aae-9314-414a1740f105,https://chainabuse.com/report/5fdc2041-219c-4aae-9314-414a1740f105?context=browse-chain&chain=ETH,https://chainabuse.com/chain/ETH?page=2,2026-02-10T19:18:31.925316,Crypto Hacks: Report and Stay Safe with Chainabuse,"I'd like to inform you that on December 22, 2025, my wallet was hacked (I assume it was compromised), but surprisingly, it wasn't completely drained. On December 22, 2025, approvals were made for coin swaps and withdrawals. Most were converted to $ETH. All $ETH (Ethereum, Arbitrum, Linea, Base), $ZRO (Arbitrum, Base), and $AERO (Base) tokens were sent to the scammer's addresses. How? I have no idea. My only guess is that it was due to the Aerodrome Finance hack in December, because I wasn't interacting with the EVM at the time and therefore couldn't secure my wallet in a timely manner. December 21-22, 2025, all activity on wallet 0x22771aB6cff233409d253f2Aad0B4976427A4436 was carried out by scammers! I'm assuming I'm not the only one, so I suggest blacklisting the scammer's addresses, as they still contain tokens.",Anonymous,4 days ago,1,1500.00 USD,0x5955cc4e1789591a03469977b33468589C069f5e,Ethereum,,
5fdc2041-219c-4aae-9314-414a1740f105,https://chainabuse.com/report/5fdc2041-219c-4aae-9314-414a1740f105?context=browse-chain&chain=ETH,https://chainabuse.com/chain/ETH?page=2,2026-02-10T19:18:31.925316,Crypto Hacks: Report and Stay Safe with Chainabuse,"I'd like to inform you that on December 22, 2025, my wallet was hacked (I assume it was compromised), but surprisingly, it wasn't completely drained. On December 22, 2025, approvals were made for coin swaps and withdrawals. Most were converted to $ETH. All $ETH (Ethereum, Arbitrum, Linea, Base), $ZRO (Arbitrum, Base), and $AERO (Base) tokens were sent to the scammer's addresses. How? I have no idea. My only guess is that it was due to the Aerodrome Finance hack in December, because I wasn't interacting with the EVM at the time and therefore couldn't secure my wallet in a timely manner. December 21-22, 2025, all activity on wallet 0x22771aB6cff233409d253f2Aad0B4976427A4436 was carried out by scammers! I'm assuming I'm not the only one, so I suggest blacklisting the scammer's addresses, as they still contain tokens.",Anonymous,4 days ago,1,1500.00 USD,0x67C593541B03E19ED029aD553a3abB1Bd1bf823f,Ethereum,,
5fdc2041-219c-4aae-9314-414a1740f105,https://chainabuse.com/report/5fdc2041-219c-4aae-9314-414a1740f105?context=browse-chain&chain=ETH,https://chainabuse.com/chain/ETH?page=2,2026-02-10T19:18:31.925316,Crypto Hacks: Report and Stay Safe with Chainabuse,"I'd like to inform you that on December 22, 2025, my wallet was hacked (I assume it was compromised), but surprisingly, it wasn't completely drained. On December 22, 2025, approvals were made for coin swaps and withdrawals. Most were converted to $ETH. All $ETH (Ethereum, Arbitrum, Linea, Base), $ZRO (Arbitrum, Base), and $AERO (Base) tokens were sent to the scammer's addresses. How? I have no idea. My only guess is that it was due to the Aerodrome Finance hack in December, because I wasn't interacting with the EVM at the time and therefore couldn't secure my wallet in a timely manner. December 21-22, 2025, all activity on wallet 0x22771aB6cff233409d253f2Aad0B4976427A4436 was carried out by scammers! I'm assuming I'm not the only one, so I suggest blacklisting the scammer's addresses, as they still contain tokens.",Anonymous,4 days ago,1,1500.00 USD,0x6D605C0352dE562c863caCFAE600e06D24667159,Ethereum,,
5fdc2041-219c-4aae-9314-414a1740f105,https://chainabuse.com/report/5fdc2041-219c-4aae-9314-414a1740f105?context=browse-chain&chain=ETH,https://chainabuse.com/chain/ETH?page=2,2026-02-10T19:18:31.925316,Crypto Hacks: Report and Stay Safe with Chainabuse,"I'd like to inform you that on December 22, 2025, my wallet was hacked (I assume it was compromised), but surprisingly, it wasn't completely drained. On December 22, 2025, approvals were made for coin swaps and withdrawals. Most were converted to $ETH. All $ETH (Ethereum, Arbitrum, Linea, Base), $ZRO (Arbitrum, Base), and $AERO (Base) tokens were sent to the scammer's addresses. How? I have no idea. My only guess is that it was due to the Aerodrome Finance hack in December, because I wasn't interacting with the EVM at the time and therefore couldn't secure my wallet in a timely manner. December 21-22, 2025, all activity on wallet 0x22771aB6cff233409d253f2Aad0B4976427A4436 was carried out by scammers! I'm assuming I'm not the only one, so I suggest blacklisting the scammer's addresses, as they still contain tokens.",Anonymous,4 days ago,1,1500.00 USD,0x785ed80001156724dD62d4Fb5906Dd51A2Eb667D,Ethereum,,
5fdc2041-219c-4aae-9314-414a1740f105,https://chainabuse.com/report/5fdc2041-219c-4aae-9314-414a1740f105?context=browse-chain&chain=ETH,https://chainabuse.com/chain/ETH?page=2,2026-02-10T19:18:31.925316,Crypto Hacks: Report and Stay Safe with Chainabuse,"I'd like to inform you that on December 22, 2025, my wallet was hacked (I assume it was compromised), but surprisingly, it wasn't completely drained. On December 22, 2025, approvals were made for coin swaps and withdrawals. Most were converted to $ETH. All $ETH (Ethereum, Arbitrum, Linea, Base), $ZRO (Arbitrum, Base), and $AERO (Base) tokens were sent to the scammer's addresses. How? I have no idea. My only guess is that it was due to the Aerodrome Finance hack in December, because I wasn't interacting with the EVM at the time and therefore couldn't secure my wallet in a timely manner. December 21-22, 2025, all activity on wallet 0x22771aB6cff233409d253f2Aad0B4976427A4436 was carried out by scammers! I'm assuming I'm not the only one, so I suggest blacklisting the scammer's addresses, as they still contain tokens.",Anonymous,4 days ago,1,1500.00 USD,0x7aF12dee7e655507d821cee1E05C1F62F2ea7602,Ethereum,,
5fdc2041-219c-4aae-9314-414a1740f105,https://chainabuse.com/report/5fdc2041-219c-4aae-9314-414a1740f105?context=browse-chain&chain=ETH,https://chainabuse.com/chain/ETH?page=2,2026-02-10T19:18:31.925316,Crypto Hacks: Report and Stay Safe with Chainabuse,"I'd like to inform you that on December 22, 2025, my wallet was hacked (I assume it was compromised), but surprisingly, it wasn't completely drained. On December 22, 2025, approvals were made for coin swaps and withdrawals. Most were converted to $ETH. All $ETH (Ethereum, Arbitrum, Linea, Base), $ZRO (Arbitrum, Base), and $AERO (Base) tokens were sent to the scammer's addresses. How? I have no idea. My only guess is that it was due to the Aerodrome Finance hack in December, because I wasn't interacting with the EVM at the time and therefore couldn't secure my wallet in a timely manner. December 21-22, 2025, all activity on wallet 0x22771aB6cff233409d253f2Aad0B4976427A4436 was carried out by scammers! I'm assuming I'm not the only one, so I suggest blacklisting the scammer's addresses, as they still contain tokens.",Anonymous,4 days ago,1,1500.00 USD,0x88E58A41fCEDb82C6a36d2dB380527Cae7e3a148,Ethereum,,
5fdc2041-219c-4aae-9314-414a1740f105,https://chainabuse.com/report/5fdc2041-219c-4aae-9314-414a1740f105?context=browse-chain&chain=ETH,https://chainabuse.com/chain/ETH?page=2,2026-02-10T19:18:31.925316,Crypto Hacks: Report and Stay Safe with Chainabuse,"I'd like to inform you that on December 22, 2025, my wallet was hacked (I assume it was compromised), but surprisingly, it wasn't completely drained. On December 22, 2025, approvals were made for coin swaps and withdrawals. Most were converted to $ETH. All $ETH (Ethereum, Arbitrum, Linea, Base), $ZRO (Arbitrum, Base), and $AERO (Base) tokens were sent to the scammer's addresses. How? I have no idea. My only guess is that it was due to the Aerodrome Finance hack in December, because I wasn't interacting with the EVM at the time and therefore couldn't secure my wallet in a timely manner. December 21-22, 2025, all activity on wallet 0x22771aB6cff233409d253f2Aad0B4976427A4436 was carried out by scammers! I'm assuming I'm not the only one, so I suggest blacklisting the scammer's addresses, as they still contain tokens.",Anonymous,4 days ago,1,1500.00 USD,0x89621635318103F632EA6a71082f4e0214558354,Ethereum,,
5fdc2041-219c-4aae-9314-414a1740f105,https://chainabuse.com/report/5fdc2041-219c-4aae-9314-414a1740f105?context=browse-chain&chain=ETH,https://chainabuse.com/chain/ETH?page=2,2026-02-10T19:18:31.925316,Crypto Hacks: Report and Stay Safe with Chainabuse,"I'd like to inform you that on December 22, 2025, my wallet was hacked (I assume it was compromised), but surprisingly, it wasn't completely drained. On December 22, 2025, approvals were made for coin swaps and withdrawals. Most were converted to $ETH. All $ETH (Ethereum, Arbitrum, Linea, Base), $ZRO (Arbitrum, Base), and $AERO (Base) tokens were sent to the scammer's addresses. How? I have no idea. My only guess is that it was due to the Aerodrome Finance hack in December, because I wasn't interacting with the EVM at the time and therefore couldn't secure my wallet in a timely manner. December 21-22, 2025, all activity on wallet 0x22771aB6cff233409d253f2Aad0B4976427A4436 was carried out by scammers! I'm assuming I'm not the only one, so I suggest blacklisting the scammer's addresses, as they still contain tokens.",Anonymous,4 days ago,1,1500.00 USD,0x91021825C48A2900D0f116932400255f5f53D762,Ethereum,,
5fdc2041-219c-4aae-9314-414a1740f105,https://chainabuse.com/report/5fdc2041-219c-4aae-9314-414a1740f105?context=browse-chain&chain=ETH,https://chainabuse.com/chain/ETH?page=2,2026-02-10T19:18:31.925316,Crypto Hacks: Report and Stay Safe with Chainabuse,"I'd like to inform you that on December 22, 2025, my wallet was hacked (I assume it was compromised), but surprisingly, it wasn't completely drained. On December 22, 2025, approvals were made for coin swaps and withdrawals. Most were converted to $ETH. All $ETH (Ethereum, Arbitrum, Linea, Base), $ZRO (Arbitrum, Base), and $AERO (Base) tokens were sent to the scammer's addresses. How? I have no idea. My only guess is that it was due to the Aerodrome Finance hack in December, because I wasn't interacting with the EVM at the time and therefore couldn't secure my wallet in a timely manner. December 21-22, 2025, all activity on wallet 0x22771aB6cff233409d253f2Aad0B4976427A4436 was carried out by scammers! I'm assuming I'm not the only one, so I suggest blacklisting the scammer's addresses, as they still contain tokens.",Anonymous,4 days ago,1,1500.00 USD,0x93900a94fF0dB186c4B994911DD6f4C7f05ae49e,Ethereum,,
5fdc2041-219c-4aae-9314-414a1740f105,https://chainabuse.com/report/5fdc2041-219c-4aae-9314-414a1740f105?context=browse-chain&chain=ETH,https://chainabuse.com/chain/ETH?page=2,2026-02-10T19:18:31.925316,Crypto Hacks: Report and Stay Safe with Chainabuse,"I'd like to inform you that on December 22, 2025, my wallet was hacked (I assume it was compromised), but surprisingly, it wasn't completely drained. On December 22, 2025, approvals were made for coin swaps and withdrawals. Most were converted to $ETH. All $ETH (Ethereum, Arbitrum, Linea, Base), $ZRO (Arbitrum, Base), and $AERO (Base) tokens were sent to the scammer's addresses. How? I have no idea. My only guess is that it was due to the Aerodrome Finance hack in December, because I wasn't interacting with the EVM at the time and therefore couldn't secure my wallet in a timely manner. December 21-22, 2025, all activity on wallet 0x22771aB6cff233409d253f2Aad0B4976427A4436 was carried out by scammers! I'm assuming I'm not the only one, so I suggest blacklisting the scammer's addresses, as they still contain tokens.",Anonymous,4 days ago,1,1500.00 USD,0x98c73aC19535288767c937627Ae64B49d6dB43C2,Ethereum,,
5fdc2041-219c-4aae-9314-414a1740f105,https://chainabuse.com/report/5fdc2041-219c-4aae-9314-414a1740f105?context=browse-chain&chain=ETH,https://chainabuse.com/chain/ETH?page=2,2026-02-10T19:18:31.925316,Crypto Hacks: Report and Stay Safe with Chainabuse,"I'd like to inform you that on December 22, 2025, my wallet was hacked (I assume it was compromised), but surprisingly, it wasn't completely drained. On December 22, 2025, approvals were made for coin swaps and withdrawals. Most were converted to $ETH. All $ETH (Ethereum, Arbitrum, Linea, Base), $ZRO (Arbitrum, Base), and $AERO (Base) tokens were sent to the scammer's addresses. How? I have no idea. My only guess is that it was due to the Aerodrome Finance hack in December, because I wasn't interacting with the EVM at the time and therefore couldn't secure my wallet in a timely manner. December 21-22, 2025, all activity on wallet 0x22771aB6cff233409d253f2Aad0B4976427A4436 was carried out by scammers! I'm assuming I'm not the only one, so I suggest blacklisting the scammer's addresses, as they still contain tokens.",Anonymous,4 days ago,1,1500.00 USD,0xa0418952E9828912FC7f36c91393D127fA75ad1C,Ethereum,,
5fdc2041-219c-4aae-9314-414a1740f105,https://chainabuse.com/report/5fdc2041-219c-4aae-9314-414a1740f105?context=browse-chain&chain=ETH,https://chainabuse.com/chain/ETH?page=2,2026-02-10T19:18:31.925316,Crypto Hacks: Report and Stay Safe with Chainabuse,"I'd like to inform you that on December 22, 2025, my wallet was hacked (I assume it was compromised), but surprisingly, it wasn't completely drained. On December 22, 2025, approvals were made for coin swaps and withdrawals. Most were converted to $ETH. All $ETH (Ethereum, Arbitrum, Linea, Base), $ZRO (Arbitrum, Base), and $AERO (Base) tokens were sent to the scammer's addresses. How? I have no idea. My only guess is that it was due to the Aerodrome Finance hack in December, because I wasn't interacting with the EVM at the time and therefore couldn't secure my wallet in a timely manner. December 21-22, 2025, all activity on wallet 0x22771aB6cff233409d253f2Aad0B4976427A4436 was carried out by scammers! I'm assuming I'm not the only one, so I suggest blacklisting the scammer's addresses, as they still contain tokens.",Anonymous,4 days ago,1,1500.00 USD,0xA2Fc7F8d95cf7D2660051212bA51e100Ac7F344e,Ethereum,,
5fdc2041-219c-4aae-9314-414a1740f105,https://chainabuse.com/report/5fdc2041-219c-4aae-9314-414a1740f105?context=browse-chain&chain=ETH,https://chainabuse.com/chain/ETH?page=2,2026-02-10T19:18:31.925316,Crypto Hacks: Report and Stay Safe with Chainabuse,"I'd like to inform you that on December 22, 2025, my wallet was hacked (I assume it was compromised), but surprisingly, it wasn't completely drained. On December 22, 2025, approvals were made for coin swaps and withdrawals. Most were converted to $ETH. All $ETH (Ethereum, Arbitrum, Linea, Base), $ZRO (Arbitrum, Base), and $AERO (Base) tokens were sent to the scammer's addresses. How? I have no idea. My only guess is that it was due to the Aerodrome Finance hack in December, because I wasn't interacting with the EVM at the time and therefore couldn't secure my wallet in a timely manner. December 21-22, 2025, all activity on wallet 0x22771aB6cff233409d253f2Aad0B4976427A4436 was carried out by scammers! I'm assuming I'm not the only one, so I suggest blacklisting the scammer's addresses, as they still contain tokens.",Anonymous,4 days ago,1,1500.00 USD,0xAa36FA9E93EDE4c73AdC27e1312eF3bF3b7BBB71,Ethereum,,
5fdc2041-219c-4aae-9314-414a1740f105,https://chainabuse.com/report/5fdc2041-219c-4aae-9314-414a1740f105?context=browse-chain&chain=ETH,https://chainabuse.com/chain/ETH?page=2,2026-02-10T19:18:31.925316,Crypto Hacks: Report and Stay Safe with Chainabuse,"I'd like to inform you that on December 22, 2025, my wallet was hacked (I assume it was compromised), but surprisingly, it wasn't completely drained. On December 22, 2025, approvals were made for coin swaps and withdrawals. Most were converted to $ETH. All $ETH (Ethereum, Arbitrum, Linea, Base), $ZRO (Arbitrum, Base), and $AERO (Base) tokens were sent to the scammer's addresses. How? I have no idea. My only guess is that it was due to the Aerodrome Finance hack in December, because I wasn't interacting with the EVM at the time and therefore couldn't secure my wallet in a timely manner. December 21-22, 2025, all activity on wallet 0x22771aB6cff233409d253f2Aad0B4976427A4436 was carried out by scammers! I'm assuming I'm not the only one, so I suggest blacklisting the scammer's addresses, as they still contain tokens.",Anonymous,4 days ago,1,1500.00 USD,0xbf92eD9Ad2f37A9e5B81311D3C0A4f4Aff9482B1,Ethereum,,
5fdc2041-219c-4aae-9314-414a1740f105,https://chainabuse.com/report/5fdc2041-219c-4aae-9314-414a1740f105?context=browse-chain&chain=ETH,https://chainabuse.com/chain/ETH?page=2,2026-02-10T19:18:31.925316,Crypto Hacks: Report and Stay Safe with Chainabuse,"I'd like to inform you that on December 22, 2025, my wallet was hacked (I assume it was compromised), but surprisingly, it wasn't completely drained. On December 22, 2025, approvals were made for coin swaps and withdrawals. Most were converted to $ETH. All $ETH (Ethereum, Arbitrum, Linea, Base), $ZRO (Arbitrum, Base), and $AERO (Base) tokens were sent to the scammer's addresses. How? I have no idea. My only guess is that it was due to the Aerodrome Finance hack in December, because I wasn't interacting with the EVM at the time and therefore couldn't secure my wallet in a timely manner. December 21-22, 2025, all activity on wallet 0x22771aB6cff233409d253f2Aad0B4976427A4436 was carried out by scammers! I'm assuming I'm not the only one, so I suggest blacklisting the scammer's addresses, as they still contain tokens.",Anonymous,4 days ago,1,1500.00 USD,0xc83Fc74e74bd659708944Db9eB2B5b6011203Adb,Ethereum,,
5fdc2041-219c-4aae-9314-414a1740f105,https://chainabuse.com/report/5fdc2041-219c-4aae-9314-414a1740f105?context=browse-chain&chain=ETH,https://chainabuse.com/chain/ETH?page=2,2026-02-10T19:18:31.925316,Crypto Hacks: Report and Stay Safe with Chainabuse,"I'd like to inform you that on December 22, 2025, my wallet was hacked (I assume it was compromised), but surprisingly, it wasn't completely drained. On December 22, 2025, approvals were made for coin swaps and withdrawals. Most were converted to $ETH. All $ETH (Ethereum, Arbitrum, Linea, Base), $ZRO (Arbitrum, Base), and $AERO (Base) tokens were sent to the scammer's addresses. How? I have no idea. My only guess is that it was due to the Aerodrome Finance hack in December, because I wasn't interacting with the EVM at the time and therefore couldn't secure my wallet in a timely manner. December 21-22, 2025, all activity on wallet 0x22771aB6cff233409d253f2Aad0B4976427A4436 was carried out by scammers! I'm assuming I'm not the only one, so I suggest blacklisting the scammer's addresses, as they still contain tokens.",Anonymous,4 days ago,1,1500.00 USD,0xCc8A55a8c5c00d1A79779928aB19adF6C19d4C2f,Ethereum,,
5fdc2041-219c-4aae-9314-414a1740f105,https://chainabuse.com/report/5fdc2041-219c-4aae-9314-414a1740f105?context=browse-chain&chain=ETH,https://chainabuse.com/chain/ETH?page=2,2026-02-10T19:18:31.925316,Crypto Hacks: Report and Stay Safe with Chainabuse,"I'd like to inform you that on December 22, 2025, my wallet was hacked (I assume it was compromised), but surprisingly, it wasn't completely drained. On December 22, 2025, approvals were made for coin swaps and withdrawals. Most were converted to $ETH. All $ETH (Ethereum, Arbitrum, Linea, Base), $ZRO (Arbitrum, Base), and $AERO (Base) tokens were sent to the scammer's addresses. How? I have no idea. My only guess is that it was due to the Aerodrome Finance hack in December, because I wasn't interacting with the EVM at the time and therefore couldn't secure my wallet in a timely manner. December 21-22, 2025, all activity on wallet 0x22771aB6cff233409d253f2Aad0B4976427A4436 was carried out by scammers! I'm assuming I'm not the only one, so I suggest blacklisting the scammer's addresses, as they still contain tokens.",Anonymous,4 days ago,1,1500.00 USD,0xD17AE94E595c3987c277114AEcb377e89450Bc07,Ethereum,,
5fdc2041-219c-4aae-9314-414a1740f105,https://chainabuse.com/report/5fdc2041-219c-4aae-9314-414a1740f105?context=browse-chain&chain=ETH,https://chainabuse.com/chain/ETH?page=2,2026-02-10T19:18:31.925316,Crypto Hacks: Report and Stay Safe with Chainabuse,"I'd like to inform you that on December 22, 2025, my wallet was hacked (I assume it was compromised), but surprisingly, it wasn't completely drained. On December 22, 2025, approvals were made for coin swaps and withdrawals. Most were converted to $ETH. All $ETH (Ethereum, Arbitrum, Linea, Base), $ZRO (Arbitrum, Base), and $AERO (Base) tokens were sent to the scammer's addresses. How? I have no idea. My only guess is that it was due to the Aerodrome Finance hack in December, because I wasn't interacting with the EVM at the time and therefore couldn't secure my wallet in a timely manner. December 21-22, 2025, all activity on wallet 0x22771aB6cff233409d253f2Aad0B4976427A4436 was carried out by scammers! I'm assuming I'm not the only one, so I suggest blacklisting the scammer's addresses, as they still contain tokens.",Anonymous,4 days ago,1,1500.00 USD,0xd2cB829848f8857A589B03fa8B567c5ff0742E18,Ethereum,,
5fdc2041-219c-4aae-9314-414a1740f105,https://chainabuse.com/report/5fdc2041-219c-4aae-9314-414a1740f105?context=browse-chain&chain=ETH,https://chainabuse.com/chain/ETH?page=2,2026-02-10T19:18:31.925316,Crypto Hacks: Report and Stay Safe with Chainabuse,"I'd like to inform you that on December 22, 2025, my wallet was hacked (I assume it was compromised), but surprisingly, it wasn't completely drained. On December 22, 2025, approvals were made for coin swaps and withdrawals. Most were converted to $ETH. All $ETH (Ethereum, Arbitrum, Linea, Base), $ZRO (Arbitrum, Base), and $AERO (Base) tokens were sent to the scammer's addresses. How? I have no idea. My only guess is that it was due to the Aerodrome Finance hack in December, because I wasn't interacting with the EVM at the time and therefore couldn't secure my wallet in a timely manner. December 21-22, 2025, all activity on wallet 0x22771aB6cff233409d253f2Aad0B4976427A4436 was carried out by scammers! I'm assuming I'm not the only one, so I suggest blacklisting the scammer's addresses, as they still contain tokens.",Anonymous,4 days ago,1,1500.00 USD,0xe0724b30139765791e966557C2e0ee6Fd35076e9,Ethereum,,
5fdc2041-219c-4aae-9314-414a1740f105,https://chainabuse.com/report/5fdc2041-219c-4aae-9314-414a1740f105?context=browse-chain&chain=ETH,https://chainabuse.com/chain/ETH?page=2,2026-02-10T19:18:31.925316,Crypto Hacks: Report and Stay Safe with Chainabuse,"I'd like to inform you that on December 22, 2025, my wallet was hacked (I assume it was compromised), but surprisingly, it wasn't completely drained. On December 22, 2025, approvals were made for coin swaps and withdrawals. Most were converted to $ETH. All $ETH (Ethereum, Arbitrum, Linea, Base), $ZRO (Arbitrum, Base), and $AERO (Base) tokens were sent to the scammer's addresses. How? I have no idea. My only guess is that it was due to the Aerodrome Finance hack in December, because I wasn't interacting with the EVM at the time and therefore couldn't secure my wallet in a timely manner. December 21-22, 2025, all activity on wallet 0x22771aB6cff233409d253f2Aad0B4976427A4436 was carried out by scammers! I'm assuming I'm not the only one, so I suggest blacklisting the scammer's addresses, as they still contain tokens.",Anonymous,4 days ago,1,1500.00 USD,0xe5D3C9AEE09c467C32a3241535796499646aa66b,Ethereum,,
5fdc2041-219c-4aae-9314-414a1740f105,https://chainabuse.com/report/5fdc2041-219c-4aae-9314-414a1740f105?context=browse-chain&chain=ETH,https://chainabuse.com/chain/ETH?page=2,2026-02-10T19:18:31.925316,Crypto Hacks: Report and Stay Safe with Chainabuse,"I'd like to inform you that on December 22, 2025, my wallet was hacked (I assume it was compromised), but surprisingly, it wasn't completely drained. On December 22, 2025, approvals were made for coin swaps and withdrawals. Most were converted to $ETH. All $ETH (Ethereum, Arbitrum, Linea, Base), $ZRO (Arbitrum, Base), and $AERO (Base) tokens were sent to the scammer's addresses. How? I have no idea. My only guess is that it was due to the Aerodrome Finance hack in December, because I wasn't interacting with the EVM at the time and therefore couldn't secure my wallet in a timely manner. December 21-22, 2025, all activity on wallet 0x22771aB6cff233409d253f2Aad0B4976427A4436 was carried out by scammers! I'm assuming I'm not the only one, so I suggest blacklisting the scammer's addresses, as they still contain tokens.",Anonymous,4 days ago,1,1500.00 USD,0xeBD989c59651E1AeF25fEB82A9698cE2c3338388,Ethereum,,
5fdc2041-219c-4aae-9314-414a1740f105,https://chainabuse.com/report/5fdc2041-219c-4aae-9314-414a1740f105?context=browse-chain&chain=ETH,https://chainabuse.com/chain/ETH?page=2,2026-02-10T19:18:31.925316,Crypto Hacks: Report and Stay Safe with Chainabuse,"I'd like to inform you that on December 22, 2025, my wallet was hacked (I assume it was compromised), but surprisingly, it wasn't completely drained. On December 22, 2025, approvals were made for coin swaps and withdrawals. Most were converted to $ETH. All $ETH (Ethereum, Arbitrum, Linea, Base), $ZRO (Arbitrum, Base), and $AERO (Base) tokens were sent to the scammer's addresses. How? I have no idea. My only guess is that it was due to the Aerodrome Finance hack in December, because I wasn't interacting with the EVM at the time and therefore couldn't secure my wallet in a timely manner. December 21-22, 2025, all activity on wallet 0x22771aB6cff233409d253f2Aad0B4976427A4436 was carried out by scammers! I'm assuming I'm not the only one, so I suggest blacklisting the scammer's addresses, as they still contain tokens.",Anonymous,4 days ago,1,1500.00 USD,0xF39195851b79E1b790845D1E4007eCa54636eC74,Ethereum,,
2e38ccd6-505c-465a-9334-797a6b1f604d,https://chainabuse.com/report/2e38ccd6-505c-465a-9334-797a6b1f604d?context=browse-chain&chain=ETH,https://chainabuse.com/chain/ETH?page=2,2026-02-10T19:18:35.550526,Crypto Hacks: Report and Stay Safe with Chainabuse,"Targeted ""Fake Job"" malware attack. The attacker contacted me on LinkedIn posing as a developer for web3chess.org. I was instructed to execute a malicious script locally as part of a ""coding assignment."" The script acted as an infostealer, using a find process to scrape my local machine and exfiltrate my Notion application cache, where my seed phrase was stored. The attacker used the stolen keys to drain the wallet without any manual ""Connect Wallet"" or ""Signature"" interaction from my side. Key Technical Details: Malicious Domain: web3chess.org Method: Local script execution (Infostealer) leading to Private Key exfiltration. Transaction Hash: 0xa2373e9e6bdc52ade4ea8fa575166c03ee7d25e9b6ce4b8c6520af4330e0e3e6 Attacker Address: 0xb5e1bFeA90dFb432bB78b17775947BB061a26264",Anonymous,4 days ago,1,600.00 USD,0xb5e1bFeA90dFb432bB78b17775947BB061a26264,Ethereum,,https://web3chess.org/connect
b5088611-cc49-466c-bedc-c0f5bfa2529f,https://chainabuse.com/report/b5088611-cc49-466c-bedc-c0f5bfa2529f?context=browse-chain&chain=ETH,https://chainabuse.com/chain/ETH?page=2,2026-02-10T19:18:39.196865,Job Scam: Learn and Report on Chainabuse,"After being approached on WhatsApp about an online job that earns $400 - 1000 daily, I tried it out and was able to initially make money. The job is posting advertisements to sites, for every post, there's a 2% commission made. Some ads require funding to be posted, these are called 'Interbrands', from which a 6% commission is made. January 13th my second day, I logged-in and started posting ads, when the 1st interbrand popped-up, it required 314.72USD added to my account so I could post the ad, and continue. I transferred the funds and continued when the 2nd interbrand popped-up requiring 285.21USD to continue, I transferred the funds and continued, when the 3rd interbrand popped-up requiring 524.56USD to continue and I had spent my entire fortnightly pay, I couldn't continue. At this stage, there's $1015AUD of my funds in my account. I explained this to 'Customer Support' who advised me to continue. Feb 5th, I had the funds to cover the 524.56USD to continue, so I paid it, only to then be told that I now have to pay a 850USD fine for not using the platform, then I can continue, so I paid the fine, I was then told that I'm now required to pay a Security Deposit of 1120USD to continue, I can then use the platform. So I'd already spent 1375USD and they wanted to make it 2495USD for the day, and once again I didn't have the funds and the alarm bells are now ringing loudly.",Anonymous,4 days ago,1,3000 AUD,0x9c39fcb58a12ba3ba3d3273a0096f31066c8c188,Ethereum,,
d111739f-4eb7-4a25-a3ac-ddd2748f87a1,https://chainabuse.com/report/d111739f-4eb7-4a25-a3ac-ddd2748f87a1?context=browse-chain&chain=ETH,https://chainabuse.com/chain/ETH?page=7,2026-02-10T19:18:09.499694,Crypto Hacks: Report and Stay Safe with Chainabuse,"This case involves the unauthorized compromise of a decentralized finance (DeFi) cryptocurrency wallet, resulting in the theft of ERC-20 USDT funds. The wallet owner did not initiate or authorize the transactions described below, nor were any private keys or seed phrases knowingly shared. On 11 January 2026, an unauthorized transfer of 24,298 USDT was executed from the victim wallet address 0x2253f1485652d9df35dbBB514A1cE4CEfb729a4B to the suspected attacker wallet 0x7ae6d71dbad4990fee4d3ae08a6689e02394c469. The transaction hash for this incident is 0xa628f431f76084ae136530f3d4671e508c2a0eccbf5239dcc5dfdf783e974c37. A second unauthorized transfer occurred on 14 January 2026, involving 39,916 USDT, sent from the same victim wallet to the same attacker wallet. The transaction hash for this transfer is 0x6468ed7a4a3d662c8566023273d5b0d9eac660cb3c987add4aec39f8f0fcfb2d. The transaction behavior indicates possible malicious smart-contract approval abuse or wallet permission exploitation, allowing funds to be transferred using the transferFrom method without direct confirmation at the time of transfer. There is no indication of ransomware, email compromise, or intentional interaction with phishing links, and the wallet owner became aware of the incident only after observing the missing funds. All transaction records, blockchain explorer data, and wallet interaction history have been preserved. The total amount affected across both incidents is 64,214 USDT. The victim requests investigation, blockchain tracing of the attacker address, and assistance in identifying any associated infrastructure or linked wallets.",Anonymous,"on Feb 3, 2026",1,65000.00 USD,0x7ae6d71dbad4990fee4d3ae08a6689e02394c469,Binance Smart Chain,,
d111739f-4eb7-4a25-a3ac-ddd2748f87a1,https://chainabuse.com/report/d111739f-4eb7-4a25-a3ac-ddd2748f87a1?context=browse-chain&chain=ETH,https://chainabuse.com/chain/ETH?page=7,2026-02-10T19:18:09.499694,Crypto Hacks: Report and Stay Safe with Chainabuse,"This case involves the unauthorized compromise of a decentralized finance (DeFi) cryptocurrency wallet, resulting in the theft of ERC-20 USDT funds. The wallet owner did not initiate or authorize the transactions described below, nor were any private keys or seed phrases knowingly shared. On 11 January 2026, an unauthorized transfer of 24,298 USDT was executed from the victim wallet address 0x2253f1485652d9df35dbBB514A1cE4CEfb729a4B to the suspected attacker wallet 0x7ae6d71dbad4990fee4d3ae08a6689e02394c469. The transaction hash for this incident is 0xa628f431f76084ae136530f3d4671e508c2a0eccbf5239dcc5dfdf783e974c37. A second unauthorized transfer occurred on 14 January 2026, involving 39,916 USDT, sent from the same victim wallet to the same attacker wallet. The transaction hash for this transfer is 0x6468ed7a4a3d662c8566023273d5b0d9eac660cb3c987add4aec39f8f0fcfb2d. The transaction behavior indicates possible malicious smart-contract approval abuse or wallet permission exploitation, allowing funds to be transferred using the transferFrom method without direct confirmation at the time of transfer. There is no indication of ransomware, email compromise, or intentional interaction with phishing links, and the wallet owner became aware of the incident only after observing the missing funds. All transaction records, blockchain explorer data, and wallet interaction history have been preserved. The total amount affected across both incidents is 64,214 USDT. The victim requests investigation, blockchain tracing of the attacker address, and assistance in identifying any associated infrastructure or linked wallets.",Anonymous,"on Feb 3, 2026",1,65000.00 USD,0xd37bbe5744d730a1d98d8dc97c42f0ca46ad7146,Ethereum,USDC,
d111739f-4eb7-4a25-a3ac-ddd2748f87a1,https://chainabuse.com/report/d111739f-4eb7-4a25-a3ac-ddd2748f87a1?context=browse-chain&chain=ETH,https://chainabuse.com/chain/ETH?page=7,2026-02-10T19:18:09.499694,Crypto Hacks: Report and Stay Safe with Chainabuse,"This case involves the unauthorized compromise of a decentralized finance (DeFi) cryptocurrency wallet, resulting in the theft of ERC-20 USDT funds. The wallet owner did not initiate or authorize the transactions described below, nor were any private keys or seed phrases knowingly shared. On 11 January 2026, an unauthorized transfer of 24,298 USDT was executed from the victim wallet address 0x2253f1485652d9df35dbBB514A1cE4CEfb729a4B to the suspected attacker wallet 0x7ae6d71dbad4990fee4d3ae08a6689e02394c469. The transaction hash for this incident is 0xa628f431f76084ae136530f3d4671e508c2a0eccbf5239dcc5dfdf783e974c37. A second unauthorized transfer occurred on 14 January 2026, involving 39,916 USDT, sent from the same victim wallet to the same attacker wallet. The transaction hash for this transfer is 0x6468ed7a4a3d662c8566023273d5b0d9eac660cb3c987add4aec39f8f0fcfb2d. The transaction behavior indicates possible malicious smart-contract approval abuse or wallet permission exploitation, allowing funds to be transferred using the transferFrom method without direct confirmation at the time of transfer. There is no indication of ransomware, email compromise, or intentional interaction with phishing links, and the wallet owner became aware of the incident only after observing the missing funds. All transaction records, blockchain explorer data, and wallet interaction history have been preserved. The total amount affected across both incidents is 64,214 USDT. The victim requests investigation, blockchain tracing of the attacker address, and assistance in identifying any associated infrastructure or linked wallets.",Anonymous,"on Feb 3, 2026",1,65000.00 USD,0x7ae6d71dbad4990fee4d3ae08a6689e02394c469,Binance Smart Chain,,
d111739f-4eb7-4a25-a3ac-ddd2748f87a1,https://chainabuse.com/report/d111739f-4eb7-4a25-a3ac-ddd2748f87a1?context=browse-chain&chain=ETH,https://chainabuse.com/chain/ETH?page=7,2026-02-10T19:18:09.499694,Crypto Hacks: Report and Stay Safe with Chainabuse,"This case involves the unauthorized compromise of a decentralized finance (DeFi) cryptocurrency wallet, resulting in the theft of ERC-20 USDT funds. The wallet owner did not initiate or authorize the transactions described below, nor were any private keys or seed phrases knowingly shared. On 11 January 2026, an unauthorized transfer of 24,298 USDT was executed from the victim wallet address 0x2253f1485652d9df35dbBB514A1cE4CEfb729a4B to the suspected attacker wallet 0x7ae6d71dbad4990fee4d3ae08a6689e02394c469. The transaction hash for this incident is 0xa628f431f76084ae136530f3d4671e508c2a0eccbf5239dcc5dfdf783e974c37. A second unauthorized transfer occurred on 14 January 2026, involving 39,916 USDT, sent from the same victim wallet to the same attacker wallet. The transaction hash for this transfer is 0x6468ed7a4a3d662c8566023273d5b0d9eac660cb3c987add4aec39f8f0fcfb2d. The transaction behavior indicates possible malicious smart-contract approval abuse or wallet permission exploitation, allowing funds to be transferred using the transferFrom method without direct confirmation at the time of transfer. There is no indication of ransomware, email compromise, or intentional interaction with phishing links, and the wallet owner became aware of the incident only after observing the missing funds. All transaction records, blockchain explorer data, and wallet interaction history have been preserved. The total amount affected across both incidents is 64,214 USDT. The victim requests investigation, blockchain tracing of the attacker address, and assistance in identifying any associated infrastructure or linked wallets.",Anonymous,"on Feb 3, 2026",1,65000.00 USD,0xd37bbe5744d730a1d98d8dc97c42f0ca46ad7146,Ethereum,USDC,
f46f9115-ca2a-4859-8739-ef431686ad7a,https://chainabuse.com/report/f46f9115-ca2a-4859-8739-ef431686ad7a?context=browse-chain&chain=ETH,https://chainabuse.com/chain/ETH?page=7,2026-02-10T19:18:13.152184,Phishing Scams: Stay Protected on Chainabuse,"Dear chainabuse Team, I am writing to formally report the theft of 3,729 USDT from my wallet, which occurred on January 20th, 2026, due to a malware/hacking attack on my computer. CRITICAL TRANSACTION DATA: TRANSACTION HASHES (TxIDs): LEGAL AND SUPPORT EVIDENCE: I have already reported this to the local authorities and the exchange involved (Binance). I request your assistance in blacklisting this destination address or freezing the assets if possible. I am available to provide any further documentation or identity verification as needed. Thank you for your immediate assistance.",Anonymous,"on Feb 3, 2026",1,3729.00 USD,0x74ba851c98f5a546dc8b0603df800d7c6e7041fd,Ethereum,,users-personals-app.com
bd4304cd-6931-4e1c-bf83-fdbedb94993f,https://chainabuse.com/report/bd4304cd-6931-4e1c-bf83-fdbedb94993f?context=browse-chain&chain=ETH,https://chainabuse.com/chain/ETH?page=7,2026-02-10T19:18:16.802117,Romance Scams: Stay Secure with Chainabuse,"I met a Chinese man on the dating app Hinge. After we started talking, he showed strong romantic interest in me very quickly and engaged in what I later realized was love bombing. Over time, he began to talk to me about cryptocurrency investment and encouraged me to invest, saying it was safe and profitable. On the evening of January 30, I was persuaded by him to purchase USDT (a cryptocurrency). He instructed me step by step on how to do this. First, he told me to buy the cryptocurrency through the OKX platform. After I purchased the USDT, he asked me to transfer the funds into my MetaMask wallet. Once the funds were in my MetaMask wallet, he instructed me to add and connect to a website within MetaMask. He provided me with a link that he claimed was related to Robinhood, but it was actually a fake website: https://robinhood-nx.com Following his instructions, I transferred my USDT from my MetaMask wallet into this platform. He then encouraged me to “invest” the money on the website. After depositing the funds, I later discovered that I was unable to withdraw my money. To test whether withdrawals were possible, I told him that I wanted to withdraw USD 50. He agreed, and the small withdrawal appeared to be successful. However, when I later told him that I wanted to withdraw a larger amount, the platform did not allow the withdrawal, and my funds became inaccessible. After I questioned him further, he eventually admitted that he was a scammer. At that point, I realized that I had been deliberately deceived and that the investment platform was fraudulent.",Anonymous,"on Feb 2, 2026",1,724.44 USD,0x8E917EA5da5C1C7CC56e590610D78eb099F31416,Ethereum,,https://robinhood-nx.com
3f5fb1d6-0fd0-48b9-bdab-634266e24a35,https://chainabuse.com/report/3f5fb1d6-0fd0-48b9-bdab-634266e24a35?context=browse-chain&chain=ETH,https://chainabuse.com/chain/ETH?page=7,2026-02-10T19:18:20.426334,Crypto Hacks: Report and Stay Safe with Chainabuse,"Activity Summary: Individual theft - contact CIB Royal Thaipolice for more information Value, Origin, and Timeframe: $5M from December 2025 Investigative Intent: Pursuing seizure with LE Requested Action: Please freeze funds.",Anonymous,"on Feb 2, 2026",1,5000000.00 USD,0x628139b96c080eca092e95cfa5a6d420af14fbe0,Ethereum,,
e23a1047-5560-4cb4-917a-c7877669cc06,https://chainabuse.com/report/e23a1047-5560-4cb4-917a-c7877669cc06?context=browse-chain&chain=ETH,https://chainabuse.com/chain/ETH?page=7,2026-02-10T19:18:24.053065,Phishing Scams: Stay Protected on Chainabuse,"Hello, I would like to report a suspicious website that appears to be operating as a fraudulent investment platform and may be part of a Ponzi scheme. Website URL: https://h5.contix.vip Reason for suspicion The website promotes unrealistic and guaranteed financial returns, which is a common indicator of an investment scam. The platform does not provide transparent company information, licensing details, or legitimate regulatory oversight. Additional red flags include: Hidden or unclear ownership/WHOIS information Lack of verifiable legal registration Investment-style promises without any official authorization High risk of financial fraud and victim targeting Potential harm This platform may be collecting deposits from users under false pretenses and could be involved in financial theft or organized scam activity. I am reporting this website to help prevent others from being exploited or losing money. Please investigate this domain and take appropriate action, including warning users or blocking access if necessary. Thank you.",Anonymous,"on Feb 2, 2026",1,,0xd10608739C9038bc46fe1d447A5c3C981598ff7f,Ethereum,,h5.contix.vip
e23a1047-5560-4cb4-917a-c7877669cc06,https://chainabuse.com/report/e23a1047-5560-4cb4-917a-c7877669cc06?context=browse-chain&chain=ETH,https://chainabuse.com/chain/ETH?page=7,2026-02-10T19:18:24.053065,Phishing Scams: Stay Protected on Chainabuse,"Hello, I would like to report a suspicious website that appears to be operating as a fraudulent investment platform and may be part of a Ponzi scheme. Website URL: https://h5.contix.vip Reason for suspicion The website promotes unrealistic and guaranteed financial returns, which is a common indicator of an investment scam. The platform does not provide transparent company information, licensing details, or legitimate regulatory oversight. Additional red flags include: Hidden or unclear ownership/WHOIS information Lack of verifiable legal registration Investment-style promises without any official authorization High risk of financial fraud and victim targeting Potential harm This platform may be collecting deposits from users under false pretenses and could be involved in financial theft or organized scam activity. I am reporting this website to help prevent others from being exploited or losing money. Please investigate this domain and take appropriate action, including warning users or blocking access if necessary. Thank you.",Anonymous,"on Feb 2, 2026",1,,TPW7pHtChhgxuuyR68iuqC7yJPQ6kiAfYh,Tron,,h5.contix.vip
e23a1047-5560-4cb4-917a-c7877669cc06,https://chainabuse.com/report/e23a1047-5560-4cb4-917a-c7877669cc06?context=browse-chain&chain=ETH,https://chainabuse.com/chain/ETH?page=7,2026-02-10T19:18:24.053065,Phishing Scams: Stay Protected on Chainabuse,"Hello, I would like to report a suspicious website that appears to be operating as a fraudulent investment platform and may be part of a Ponzi scheme. Website URL: https://h5.contix.vip Reason for suspicion The website promotes unrealistic and guaranteed financial returns, which is a common indicator of an investment scam. The platform does not provide transparent company information, licensing details, or legitimate regulatory oversight. Additional red flags include: Hidden or unclear ownership/WHOIS information Lack of verifiable legal registration Investment-style promises without any official authorization High risk of financial fraud and victim targeting Potential harm This platform may be collecting deposits from users under false pretenses and could be involved in financial theft or organized scam activity. I am reporting this website to help prevent others from being exploited or losing money. Please investigate this domain and take appropriate action, including warning users or blocking access if necessary. Thank you.",Anonymous,"on Feb 2, 2026",1,,0x72E45C9FE2CA554B7dD37b74B92Ef1D4856d232A,Ethereum,,h5.contix.vip
d29bd29f-f2ec-4d28-9811-311f4921e58d,https://chainabuse.com/report/d29bd29f-f2ec-4d28-9811-311f4921e58d?context=browse-chain&chain=ETH,https://chainabuse.com/chain/ETH?page=7,2026-02-10T19:18:27.663191,Fake Return Scams: Secure Your Crypto Investments,"Between May and October 2025, I was induced to participate in a high-leverage gold trading scheme involving Shuang “Katy” Tian and an associate using the name “Isabella Muthua.” The scheme was presented as a family office–backed quantitative trading operation with guaranteed principal protection and commission-based profit sharing. I contributed over $608,500 personally and facilitated an additional $410,000 from two friends. The trading was conducted via the LTUFP platform, which claimed to be FINRA-licensed. As of October 2025, my principal balance of $3.9 million remains locked in the LTUFP platform, and all withdrawal attempts have been rejected. I believe this to be a coordinated fraud involving Katy Tian, Isabella Muthua, and the LTUFP platform",Anonymous,"on Feb 2, 2026",1,1208500.00 USD,0x7094E48735F664679b32b845098E008226F77b32,Ethereum,Scammer commission,"https://pc.ltufpmarts.com/#/, https://pc.ltufpmarts.com/#/"
d29bd29f-f2ec-4d28-9811-311f4921e58d,https://chainabuse.com/report/d29bd29f-f2ec-4d28-9811-311f4921e58d?context=browse-chain&chain=ETH,https://chainabuse.com/chain/ETH?page=7,2026-02-10T19:18:27.663191,Fake Return Scams: Secure Your Crypto Investments,"Between May and October 2025, I was induced to participate in a high-leverage gold trading scheme involving Shuang “Katy” Tian and an associate using the name “Isabella Muthua.” The scheme was presented as a family office–backed quantitative trading operation with guaranteed principal protection and commission-based profit sharing. I contributed over $608,500 personally and facilitated an additional $410,000 from two friends. The trading was conducted via the LTUFP platform, which claimed to be FINRA-licensed. As of October 2025, my principal balance of $3.9 million remains locked in the LTUFP platform, and all withdrawal attempts have been rejected. I believe this to be a coordinated fraud involving Katy Tian, Isabella Muthua, and the LTUFP platform",Anonymous,"on Feb 2, 2026",1,1208500.00 USD,0x7094E48735F664679b32b845098E008226F77b32,Ethereum,Scammer trade commission,"https://pc.ltufpmarts.com/#/, https://pc.ltufpmarts.com/#/"
3fed4dd9-035d-4eb0-99a9-95709415c7ca,https://chainabuse.com/report/3fed4dd9-035d-4eb0-99a9-95709415c7ca?context=browse-chain&chain=ETH,https://chainabuse.com/chain/ETH?page=7,2026-02-10T19:18:31.277556,Report Miscellaneous Crypto Scams with Chainabuse: CEX issue,"I am reporting a financial loss caused by a centralized cryptocurrency exchange (BTCC). On January 23, 2026, I transferred VEREM tokens from the MEXC exchange to BTCC. BTCC accepted the deposit without any warning that all core services were suspended. After the deposit was credited, I discovered that: - spot trading was suspended; - withdrawals were blocked; - transfers to external wallets or other exchanges were blocked; - no method existed to move or manage my assets. These restrictions were not disclosed prior to accepting custody of my assets. I attempted to withdraw immediately and contacted BTCC support on the same day. My assets remained locked while the market price collapsed, resulting in a direct financial loss. Although trading was later re-enabled, this occurred only after the token price had already dropped significantly, making recovery impossible. BTCC has repeatedly refused to provide a formal position or resolution, stating only that the case is “under review by the relevant department.” This report concerns acceptance of funds under undisclosed service suspension and loss caused by forced custody restriction.",Anonymous,"on Feb 2, 2026",1,4742.00 USD,0x4982085C9e2F89F2eCb8131Eca71aFAD896e89CB,Ethereum,,"btcc.com, btcc.com"
3fed4dd9-035d-4eb0-99a9-95709415c7ca,https://chainabuse.com/report/3fed4dd9-035d-4eb0-99a9-95709415c7ca?context=browse-chain&chain=ETH,https://chainabuse.com/chain/ETH?page=7,2026-02-10T19:18:31.277556,Report Miscellaneous Crypto Scams with Chainabuse: CEX issue,"I am reporting a financial loss caused by a centralized cryptocurrency exchange (BTCC). On January 23, 2026, I transferred VEREM tokens from the MEXC exchange to BTCC. BTCC accepted the deposit without any warning that all core services were suspended. After the deposit was credited, I discovered that: - spot trading was suspended; - withdrawals were blocked; - transfers to external wallets or other exchanges were blocked; - no method existed to move or manage my assets. These restrictions were not disclosed prior to accepting custody of my assets. I attempted to withdraw immediately and contacted BTCC support on the same day. My assets remained locked while the market price collapsed, resulting in a direct financial loss. Although trading was later re-enabled, this occurred only after the token price had already dropped significantly, making recovery impossible. BTCC has repeatedly refused to provide a formal position or resolution, stating only that the case is “under review by the relevant department.” This report concerns acceptance of funds under undisclosed service suspension and loss caused by forced custody restriction.",Anonymous,"on Feb 2, 2026",1,4742.00 USD,0x4982085C9e2F89F2eCb8131Eca71aFAD896e89CB,Ethereum,,"btcc.com, btcc.com"
69bc8ecc-40d8-41bc-8f4b-4966b111256a,https://chainabuse.com/report/69bc8ecc-40d8-41bc-8f4b-4966b111256a?context=browse-chain&chain=ETH,https://chainabuse.com/chain/ETH?page=7,2026-02-10T19:18:34.910441,Fake Return Scams: Secure Your Crypto Investments,"Cryptonomy has restricted all withdrawal attempts of my holdings, Using February 2, 2026, Crypto Market conditions, the Balance = $74023.86 by transferring the portfolio to several fixed-rate accounts, with different expiration dates, without my consent or authorization.",Anonymous,"on Feb 2, 2026",2,74023.86 USD,0xDfbe5F5099550a0394ad239310614E7d0d97C1aC,Ethereum,,
69bc8ecc-40d8-41bc-8f4b-4966b111256a,https://chainabuse.com/report/69bc8ecc-40d8-41bc-8f4b-4966b111256a?context=browse-chain&chain=ETH,https://chainabuse.com/chain/ETH?page=7,2026-02-10T19:18:34.910441,Fake Return Scams: Secure Your Crypto Investments,"Cryptonomy has restricted all withdrawal attempts of my holdings, Using February 2, 2026, Crypto Market conditions, the Balance = $74023.86 by transferring the portfolio to several fixed-rate accounts, with different expiration dates, without my consent or authorization.",Anonymous,"on Feb 2, 2026",2,74023.86 USD,0.0.407219,Hedera,,
69bc8ecc-40d8-41bc-8f4b-4966b111256a,https://chainabuse.com/report/69bc8ecc-40d8-41bc-8f4b-4966b111256a?context=browse-chain&chain=ETH,https://chainabuse.com/chain/ETH?page=7,2026-02-10T19:18:34.910441,Fake Return Scams: Secure Your Crypto Investments,"Cryptonomy has restricted all withdrawal attempts of my holdings, Using February 2, 2026, Crypto Market conditions, the Balance = $74023.86 by transferring the portfolio to several fixed-rate accounts, with different expiration dates, without my consent or authorization.",Anonymous,"on Feb 2, 2026",2,74023.86 USD,rB3ZTZ5DUJvqUr4upKTKcE4mX4fCD83QKS,XRP,,
69bc8ecc-40d8-41bc-8f4b-4966b111256a,https://chainabuse.com/report/69bc8ecc-40d8-41bc-8f4b-4966b111256a?context=browse-chain&chain=ETH,https://chainabuse.com/chain/ETH?page=7,2026-02-10T19:18:34.910441,Fake Return Scams: Secure Your Crypto Investments,"Cryptonomy has restricted all withdrawal attempts of my holdings, Using February 2, 2026, Crypto Market conditions, the Balance = $74023.86 by transferring the portfolio to several fixed-rate accounts, with different expiration dates, without my consent or authorization.",Anonymous,"on Feb 2, 2026",2,74023.86 USD,kaspa:qrgnckwjzjwug50y9a8w47z76r4x4n0dqs99dtfyple9a4wslh3d6renpzjgd,Kaspa,,
69bc8ecc-40d8-41bc-8f4b-4966b111256a,https://chainabuse.com/report/69bc8ecc-40d8-41bc-8f4b-4966b111256a?context=browse-chain&chain=ETH,https://chainabuse.com/chain/ETH?page=7,2026-02-10T19:18:34.910441,Fake Return Scams: Secure Your Crypto Investments,"Cryptonomy has restricted all withdrawal attempts of my holdings, Using February 2, 2026, Crypto Market conditions, the Balance = $74023.86 by transferring the portfolio to several fixed-rate accounts, with different expiration dates, without my consent or authorization.",Anonymous,"on Feb 2, 2026",2,74023.86 USD,0xcE0d2213A0eAFF4176D90B39879b7B4F870fA428,Ethereum,,
69bc8ecc-40d8-41bc-8f4b-4966b111256a,https://chainabuse.com/report/69bc8ecc-40d8-41bc-8f4b-4966b111256a?context=browse-chain&chain=ETH,https://chainabuse.com/chain/ETH?page=7,2026-02-10T19:18:34.910441,Fake Return Scams: Secure Your Crypto Investments,"Cryptonomy has restricted all withdrawal attempts of my holdings, Using February 2, 2026, Crypto Market conditions, the Balance = $74023.86 by transferring the portfolio to several fixed-rate accounts, with different expiration dates, without my consent or authorization.",Anonymous,"on Feb 2, 2026",2,74023.86 USD,rLpvuHZFE46NUyZH5XaMvmYRJZF7aory7t,XRP,,
69bc8ecc-40d8-41bc-8f4b-4966b111256a,https://chainabuse.com/report/69bc8ecc-40d8-41bc-8f4b-4966b111256a?context=browse-chain&chain=ETH,https://chainabuse.com/chain/ETH?page=7,2026-02-10T19:18:34.910441,Fake Return Scams: Secure Your Crypto Investments,"Cryptonomy has restricted all withdrawal attempts of my holdings, Using February 2, 2026, Crypto Market conditions, the Balance = $74023.86 by transferring the portfolio to several fixed-rate accounts, with different expiration dates, without my consent or authorization.",Anonymous,"on Feb 2, 2026",2,74023.86 USD,GADHOQ67TZKEGXRKS526Z3TZJZNLE7OGC565BUVJNTIOTJRE4N2QUJDM,Stellar,,
69bc8ecc-40d8-41bc-8f4b-4966b111256a,https://chainabuse.com/report/69bc8ecc-40d8-41bc-8f4b-4966b111256a?context=browse-chain&chain=ETH,https://chainabuse.com/chain/ETH?page=7,2026-02-10T19:18:34.910441,Fake Return Scams: Secure Your Crypto Investments,"Cryptonomy has restricted all withdrawal attempts of my holdings, Using February 2, 2026, Crypto Market conditions, the Balance = $74023.86 by transferring the portfolio to several fixed-rate accounts, with different expiration dates, without my consent or authorization.",Anonymous,"on Feb 2, 2026",2,74023.86 USD,bc1qcszkvfg09rkd9uuxt2w6aay54wrcwnwzm4u63j,Bitcoin,,
69bc8ecc-40d8-41bc-8f4b-4966b111256a,https://chainabuse.com/report/69bc8ecc-40d8-41bc-8f4b-4966b111256a?context=browse-chain&chain=ETH,https://chainabuse.com/chain/ETH?page=7,2026-02-10T19:18:34.910441,Fake Return Scams: Secure Your Crypto Investments,"Cryptonomy has restricted all withdrawal attempts of my holdings, Using February 2, 2026, Crypto Market conditions, the Balance = $74023.86 by transferring the portfolio to several fixed-rate accounts, with different expiration dates, without my consent or authorization.",Anonymous,"on Feb 2, 2026",2,74023.86 USD,a843cd3c870aeded521209bfc17579f95b4079ca9ec8ba146ebcfa9885ae6267,Near,,
c2ff9098-4ce2-4770-8458-a8bbfece61da,https://chainabuse.com/report/c2ff9098-4ce2-4770-8458-a8bbfece61da?context=browse-chain&chain=ETH,https://chainabuse.com/chain/ETH?page=7,2026-02-10T19:18:38.537435,Ransomware Attacks: Report and Fight Back with Chainabuse,"In 2025, I became a victim of online fraud organized by a man named Mikhail Avramenko, who falsely claimed to be a professional cryptocurrency consultant. He contacted me through a messaging platform and gradually gained my trust by presenting himself as knowledgeable, reliable, and supportive. From the start, his behavior was carefully calculated. He used fake documents, manipulated screenshots, and fabricated investment results to create the illusion of legitimacy. Whenever I expressed doubt, he responded with convincing explanations and emotional pressure. Mikhail was a ruthless and inventive scammer who showed no regard for honesty or ethics. He constantly adjusted his methods and invented new stories in order to keep me involved and dependent on his instructions. Under his influence, I transferred approximately $21,000 in cryptocurrency to a wallet he controlled. After receiving the money, he continued to demand additional payments, claiming they were required for “verification” and “security purposes.” When I refused to comply, he immediately stopped communicating and erased his online presence. All his promises proved to be false. It later became clear that his actions were part of a deliberate and well-organized fraud scheme aimed at exploiting victims for personal gain.",Anonymous,"on Feb 2, 2026",1,23000.00 USD,0x99825035bDc21a67f1cB14F6FF9F0d528c500d92,Ethereum,,MikhailAvramenkoScammer.com
f3014275-eb1c-4668-81e2-75e0bfd175d7,https://chainabuse.com/report/f3014275-eb1c-4668-81e2-75e0bfd175d7?context=browse-chain&chain=ETH,https://chainabuse.com/chain/ETH?page=7,2026-02-10T19:18:42.253301,Rug Pull Scams: Report and Learn with Chainabuse,"Dear Security Team, I am writing to report a sophisticated cryptocurrency fraud scheme involving fake tokens, fraudulent IDO (Initial DEX Offering) simulations, and an exit scam. Below are the details of the addresses, contracts, and the modus operandi used by the scammers. --- ### **1. Identified Fraudulent Addresses:** **Scam Token Addresses:** - `0xBA9338c61661512CD07216030352FC086f9D7eBc` (58 scam tokens) - `0xFBF5cDF507C1623db4556723b33B24Fa274cFb2A` (98 scam tokens) **Withdrawal Contract:** - Aori Contract: `0xFfe691A6dDb5D2645321e0a920C2e7Bdd00dD3D8` **Accumulation Address:** - `0x95Dd8DB1c0C066eBA8C37Cd1c6b4c895500b20F2` **Fake Staking/IDO Contracts:** - `0xfA8ca24115e19F77748B3E017EfE2D03a7cD0581` - `0xB3545a596Cc44A03c1E4463F7831c192570f247f` --- ### **2. Description of the Fraudulent Scheme:** **Phase 1: Trust Building (Onboarding)** The scammers initiate contact with potential victims and offer a ""test transaction"" using legitimate tokens (e.g., USDT). The victim is instructed to deposit a small amount (e.g., 15 USDT) into a contract. Shortly after, the victim receives a doubled amount (e.g., 30 USDT) via an airdrop, creating a false sense of trust and profitability. **Phase 2: Fake IDO Participation** Once trust is established, the victim is invited to participate in a fraudulent IDO. They are directed to deposit funds into fake staking contracts (examples above), which are disguised as liquidity pools or early-investment opportunities. **Phase 3: Fund Accumulation** Over several weeks, victims are persuaded to increase their investments by depositing additional USDT (or other stablecoins) into these contracts under the pretext of ""boosting liquidity"" or ""exclusive IDO benefits."" **Phase 4: Exit Scam** After 1–2 weeks, all funds are drained from the contracts in a single transaction via the **Aori contract** (`0xFfe691A6dDb5D2645321e0a920C2e7Bdd00dD3D8`) and transferred to the accumulation address (`0x95Dd8DB1c0C066eBA8C37Cd1c6b4c895500b20F2`). The contracts are then abandoned, and victims lose access to their funds. --- ### **3. Key Red Flags:** - Use of multiple scam tokens to simulate a legitimate ecosystem. - Multi-stage scheme with initial ""bonus payouts"" to lure victims. - Fake IDO with no real project or product behind it. - Centralized fund withdrawal via a single contract to a accumulation address. --- ### **4. Requested Actions:** 1. **Blacklist the addresses** on blockchain explorers (Etherscan, BscScan, etc.). 2. **Investigate the Aori contract** and linked addresses for further fraudulent activity. 3. **Alert the community** through official channels to prevent further victimization. 4. **Trace fund flows** to identify connected platforms or exchanges for possible intervention.",Anonymous,"on Feb 2, 2026",1,8500.00 USD,0xFBF5cDF507C1623db4556723b33B24Fa274cFb2A,Ethereum,,farcaster.team
b44b6b35-c9fd-4d92-883f-774c94fcf7d6,https://chainabuse.com/report/b44b6b35-c9fd-4d92-883f-774c94fcf7d6?context=browse-chain&chain=ETH,https://chainabuse.com/chain/ETH?page=7,2026-02-10T19:18:45.883483,Fake Crypto Projects: Spot and Report Scams,"am reporting a suspected cryptocurrency scam involving a fake token and a deceptive website operating under the name “Quantum 259 Labs”. I was approached by an individual who claimed to be launching a legitimate crypto project and token named Q259. The project was presented as a serious company with operations in Dubai and the United States, supported by a professional-looking website and documentation. Funds were transferred in USDC on the Ethereum network to the following address: 0x28740f62be753A4AA9c7Ec0BCEa408bA195fC2A7 After the transfer, I was unable to recover the funds. On-chain analysis shows activity consistent with scam behavior. Additionally, after I raised questions and reported the case to authorities, the website content was modified: the Dubai office address was changed to “temporarily closed”, which strongly suggests an attempt to conceal false claims about physical presence. There is no evidence that the company has legitimate operations in Dubai despite previously advertising a specific office address. The website appears to use a U.S. LLC (Delaware) structure and shifting international addresses to appear credible. This case has been officially reported to local authorities, and a police investigation is currently ongoing. I am submitting this report to warn others, support blockchain monitoring efforts, and help prevent further victims. Associated elements: •	Token name: Q259 •	Website: quantum259labs.com •	Network: Ethereum •	Asset used: USDC •	Suspected scam pattern: fake token / false company representation / address manipulation",Anonymous,"on Feb 2, 2026",1,7500.00 USD,0x28740f62be753A4AA9c7Ec0BCEa408bA195fC2A7,Ethereum,,Www.quantumlabs259.com
30d44d52-053e-4f5b-97dd-ef242f7990d5,https://chainabuse.com/report/30d44d52-053e-4f5b-97dd-ef242f7990d5?context=browse-chain&chain=ETH,https://chainabuse.com/chain/ETH?page=7,2026-02-10T19:18:49.506087,Pig Butchering Scams: Learn and Report on Chainabuse,"Incident Type: Cryptocurrency Investment / DeFi Scam Description: I am reporting a cryptocurrency fraud involving a fake DeFi application operating under the name Cryptoweb3 / cryptoweb3.life. I have been approache my friend and she talked about smart contract trading and there is a guy who is going help with signals. She met this guy on a dating app and she met him once. This guy told her he built an algorithm and he monitors the market for buy and sell contracts. She sent me a referral url for a dApp. I was instructed to connect my on-chain wallet via a Web3 browser and deposit funds to participate in a smart contract investment. After depositing, the platform blocked withdrawals and claimed my account was under “risk review.” I was later asked to pay additional fees labeled as “tax,” “risk resolution,” and “withdrawal processing.” Despite complying, no withdrawal was ever processed. On-chain analysis shows funds were sent to externally owned wallet addresses that exhibit aggregation and laundering behavior consistent with crypto fraud. I believe this operation is ongoing and may affect other victims. I request investigation and coordination with exchanges for potential asset freezing.",Anonymous,"on Feb 2, 2026",1,170000.00 USD,bc1ps3xhem40a5rw4x8jtgdc79hsm83ug3ctx2fm87hkpxen0lg3w2gq9mh7qt,Bitcoin,,"Cryptoweb3.vip, Cryptoweb3.life, Cryptoweb3.vip, Cryptoweb3.life"
30d44d52-053e-4f5b-97dd-ef242f7990d5,https://chainabuse.com/report/30d44d52-053e-4f5b-97dd-ef242f7990d5?context=browse-chain&chain=ETH,https://chainabuse.com/chain/ETH?page=7,2026-02-10T19:18:49.506087,Pig Butchering Scams: Learn and Report on Chainabuse,"Incident Type: Cryptocurrency Investment / DeFi Scam Description: I am reporting a cryptocurrency fraud involving a fake DeFi application operating under the name Cryptoweb3 / cryptoweb3.life. I have been approache my friend and she talked about smart contract trading and there is a guy who is going help with signals. She met this guy on a dating app and she met him once. This guy told her he built an algorithm and he monitors the market for buy and sell contracts. She sent me a referral url for a dApp. I was instructed to connect my on-chain wallet via a Web3 browser and deposit funds to participate in a smart contract investment. After depositing, the platform blocked withdrawals and claimed my account was under “risk review.” I was later asked to pay additional fees labeled as “tax,” “risk resolution,” and “withdrawal processing.” Despite complying, no withdrawal was ever processed. On-chain analysis shows funds were sent to externally owned wallet addresses that exhibit aggregation and laundering behavior consistent with crypto fraud. I believe this operation is ongoing and may affect other victims. I request investigation and coordination with exchanges for potential asset freezing.",Anonymous,"on Feb 2, 2026",1,170000.00 USD,bc1pv99pg3f5uyj7xdxfphn07jega24hk5twth0hmku4fdqcen9pdr4s4yufa8,Bitcoin,,"Cryptoweb3.vip, Cryptoweb3.life, Cryptoweb3.vip, Cryptoweb3.life"
30d44d52-053e-4f5b-97dd-ef242f7990d5,https://chainabuse.com/report/30d44d52-053e-4f5b-97dd-ef242f7990d5?context=browse-chain&chain=ETH,https://chainabuse.com/chain/ETH?page=7,2026-02-10T19:18:49.506087,Pig Butchering Scams: Learn and Report on Chainabuse,"Incident Type: Cryptocurrency Investment / DeFi Scam Description: I am reporting a cryptocurrency fraud involving a fake DeFi application operating under the name Cryptoweb3 / cryptoweb3.life. I have been approache my friend and she talked about smart contract trading and there is a guy who is going help with signals. She met this guy on a dating app and she met him once. This guy told her he built an algorithm and he monitors the market for buy and sell contracts. She sent me a referral url for a dApp. I was instructed to connect my on-chain wallet via a Web3 browser and deposit funds to participate in a smart contract investment. After depositing, the platform blocked withdrawals and claimed my account was under “risk review.” I was later asked to pay additional fees labeled as “tax,” “risk resolution,” and “withdrawal processing.” Despite complying, no withdrawal was ever processed. On-chain analysis shows funds were sent to externally owned wallet addresses that exhibit aggregation and laundering behavior consistent with crypto fraud. I believe this operation is ongoing and may affect other victims. I request investigation and coordination with exchanges for potential asset freezing.",Anonymous,"on Feb 2, 2026",1,170000.00 USD,0xA0b86991c6218b36c1d19D4a2e9Eb0cE3606eB48,Ethereum,,"Cryptoweb3.vip, Cryptoweb3.life, Cryptoweb3.vip, Cryptoweb3.life"
30d44d52-053e-4f5b-97dd-ef242f7990d5,https://chainabuse.com/report/30d44d52-053e-4f5b-97dd-ef242f7990d5?context=browse-chain&chain=ETH,https://chainabuse.com/chain/ETH?page=7,2026-02-10T19:18:49.506087,Pig Butchering Scams: Learn and Report on Chainabuse,"Incident Type: Cryptocurrency Investment / DeFi Scam Description: I am reporting a cryptocurrency fraud involving a fake DeFi application operating under the name Cryptoweb3 / cryptoweb3.life. I have been approache my friend and she talked about smart contract trading and there is a guy who is going help with signals. She met this guy on a dating app and she met him once. This guy told her he built an algorithm and he monitors the market for buy and sell contracts. She sent me a referral url for a dApp. I was instructed to connect my on-chain wallet via a Web3 browser and deposit funds to participate in a smart contract investment. After depositing, the platform blocked withdrawals and claimed my account was under “risk review.” I was later asked to pay additional fees labeled as “tax,” “risk resolution,” and “withdrawal processing.” Despite complying, no withdrawal was ever processed. On-chain analysis shows funds were sent to externally owned wallet addresses that exhibit aggregation and laundering behavior consistent with crypto fraud. I believe this operation is ongoing and may affect other victims. I request investigation and coordination with exchanges for potential asset freezing.",Anonymous,"on Feb 2, 2026",1,170000.00 USD,bc1ps3xhem40a5rw4x8jtgdc79hsm83ug3ctx2fm87hkpxen0lg3w2gq9mh7qt,Bitcoin,,"Cryptoweb3.vip, Cryptoweb3.life, Cryptoweb3.vip, Cryptoweb3.life"
30d44d52-053e-4f5b-97dd-ef242f7990d5,https://chainabuse.com/report/30d44d52-053e-4f5b-97dd-ef242f7990d5?context=browse-chain&chain=ETH,https://chainabuse.com/chain/ETH?page=7,2026-02-10T19:18:49.506087,Pig Butchering Scams: Learn and Report on Chainabuse,"Incident Type: Cryptocurrency Investment / DeFi Scam Description: I am reporting a cryptocurrency fraud involving a fake DeFi application operating under the name Cryptoweb3 / cryptoweb3.life. I have been approache my friend and she talked about smart contract trading and there is a guy who is going help with signals. She met this guy on a dating app and she met him once. This guy told her he built an algorithm and he monitors the market for buy and sell contracts. She sent me a referral url for a dApp. I was instructed to connect my on-chain wallet via a Web3 browser and deposit funds to participate in a smart contract investment. After depositing, the platform blocked withdrawals and claimed my account was under “risk review.” I was later asked to pay additional fees labeled as “tax,” “risk resolution,” and “withdrawal processing.” Despite complying, no withdrawal was ever processed. On-chain analysis shows funds were sent to externally owned wallet addresses that exhibit aggregation and laundering behavior consistent with crypto fraud. I believe this operation is ongoing and may affect other victims. I request investigation and coordination with exchanges for potential asset freezing.",Anonymous,"on Feb 2, 2026",1,170000.00 USD,bc1pv99pg3f5uyj7xdxfphn07jega24hk5twth0hmku4fdqcen9pdr4s4yufa8,Bitcoin,,"Cryptoweb3.vip, Cryptoweb3.life, Cryptoweb3.vip, Cryptoweb3.life"
30d44d52-053e-4f5b-97dd-ef242f7990d5,https://chainabuse.com/report/30d44d52-053e-4f5b-97dd-ef242f7990d5?context=browse-chain&chain=ETH,https://chainabuse.com/chain/ETH?page=7,2026-02-10T19:18:49.506087,Pig Butchering Scams: Learn and Report on Chainabuse,"Incident Type: Cryptocurrency Investment / DeFi Scam Description: I am reporting a cryptocurrency fraud involving a fake DeFi application operating under the name Cryptoweb3 / cryptoweb3.life. I have been approache my friend and she talked about smart contract trading and there is a guy who is going help with signals. She met this guy on a dating app and she met him once. This guy told her he built an algorithm and he monitors the market for buy and sell contracts. She sent me a referral url for a dApp. I was instructed to connect my on-chain wallet via a Web3 browser and deposit funds to participate in a smart contract investment. After depositing, the platform blocked withdrawals and claimed my account was under “risk review.” I was later asked to pay additional fees labeled as “tax,” “risk resolution,” and “withdrawal processing.” Despite complying, no withdrawal was ever processed. On-chain analysis shows funds were sent to externally owned wallet addresses that exhibit aggregation and laundering behavior consistent with crypto fraud. I believe this operation is ongoing and may affect other victims. I request investigation and coordination with exchanges for potential asset freezing.",Anonymous,"on Feb 2, 2026",1,170000.00 USD,0xA0b86991c6218b36c1d19D4a2e9Eb0cE3606eB48,Ethereum,,"Cryptoweb3.vip, Cryptoweb3.life, Cryptoweb3.vip, Cryptoweb3.life"
4996906f-871d-4ab2-8750-49ee80136371,https://chainabuse.com/report/4996906f-871d-4ab2-8750-49ee80136371?context=browse-chain&chain=ETH,https://chainabuse.com/chain/ETH?page=9,2026-02-10T19:18:57.330976,Ransomware Attacks: Report and Fight Back with Chainabuse,"In the spring of 2025, I began communicating online with a man named Mikhail Avramenko, whom I met through an investment-related forum. He introduced himself as an experienced cryptocurrency consultant and claimed that he helped private individuals grow their savings through digital assets. From the very beginning, Mikhail appeared calm, polite, and professional. He took time to learn about my background, my financial goals, and my concerns. He never pressured me at first and always spoke in a reassuring manner, which made him seem trustworthy. Over time, he shared screenshots of supposed trading results, success stories, and positive feedback from “clients.” He explained complex financial concepts in simple language and patiently answered all my questions. Looking back, I now understand that this was part of a carefully planned strategy to gain my trust. Mikhail was an extremely clever and inventive scammer. He constantly adapted his methods and created new excuses and stories whenever I hesitated. He seemed willing to do anything to obtain money, stopping at nothing to achieve his goal. After several months of communication, he convinced me to make an investment and instructed me to transfer approximately $36,000 in cryptocurrency to a wallet address he provided. He assured me that my funds were safe and under professional management. For some time, he continued to send me regular updates, charts, and messages showing steady “growth.” He congratulated me on my progress and encouraged me to remain patient, reinforcing the illusion that everything was going well. Later, he informed me that additional administrative and processing fees were required in order to withdraw my funds. Each time I questioned these demands, he invented new explanations and applied subtle psychological pressure. When I finally refused to send more money, his behavior changed. His replies became shorter and less frequent. Eventually, he stopped responding altogether. His profiles disappeared, and all communication channels were cut off. Only then did I fully realize that I had been deceived by a highly manipulative and resourceful scammer who had carefully planned every step of this fraud.",Anonymous,"on Jan 30, 2026",1,36000.00 USD,0x99825035bDc21a67f1cB14F6FF9F0d528c500d92,Ethereum,,
7c6a751d-2756-4115-bdb3-c071d6254242,https://chainabuse.com/report/7c6a751d-2756-4115-bdb3-c071d6254242?context=browse-chain&chain=ETH,https://chainabuse.com/chain/ETH?page=9,2026-02-10T19:19:00.961557,Sextortion Scams: Learn and Report on Chainabuse,"Igor Borona stolen my crypto 15,000dollars",Anonymous,"on Jan 30, 2026",1,12000.00 USD,0xec116BBa8f3D9C4C4C2eD3007d72a305823656a9,Ethereum,,
92c646a5-5153-469f-bad2-3dd1094d2d92,https://chainabuse.com/report/92c646a5-5153-469f-bad2-3dd1094d2d92?context=browse-chain&chain=ETH,https://chainabuse.com/chain/ETH?page=9,2026-02-10T19:19:04.605814,Ransomware Attacks: Report and Fight Back with Chainabuse,"In the spring of 2025, I began communicating online with a man named Igor Borona, whom I met through an investment-related forum. He introduced himself as an experienced cryptocurrency consultant and said he helped private individuals grow their savings through digital assets. At first, our conversations were casual and friendly. Igor asked about my background, my goals, and my interest in investing. He never pressured me in the beginning and often emphasized that any decision should be made carefully. This made him seem honest and professional. Over time, he started sharing examples of his past work, including screenshots of trading results and testimonials from people who claimed to be satisfied clients. He also explained basic investment concepts in simple terms, which helped me feel more confident. After several months of communication, he suggested that I make a larger investment in order to achieve better returns. Trusting his guidance, I transferred approximately $112,000 in cryptocurrency to a wallet address he provided through Atomic Wallet. For a while, everything appeared to be going well. Igor regularly sent me updates, charts, and messages showing steady growth in my account. He congratulated me on my “progress” and encouraged me to remain patient. Later, he informed me that in order to withdraw my funds, certain administrative and processing fees needed to be paid. He explained this calmly and said it was standard procedure. Although I felt uncertain, I began to realize that something was wrong when the requirements kept changing. When I told him that I could not send any more money, his responses became less frequent and less detailed. Eventually, he stopped replying completely. His online profiles disappeared, and I lost access to the platform where my investment was supposedly managed. Only then did I fully understand that I had been deceived through a carefully planned online scheme.",Anonymous,"on Jan 30, 2026",1,112000.00 USD,0xec116BBa8f3D9C4C4C2eD3007d72a305823656a9,Ethereum,,
1f6f2d71-e2e9-4e1f-9c0a-7f5b753ae759,https://chainabuse.com/report/1f6f2d71-e2e9-4e1f-9c0a-7f5b753ae759?context=browse-chain&chain=ETH,https://chainabuse.com/chain/ETH?page=9,2026-02-10T19:19:08.260655,Phishing Scams: Stay Protected on Chainabuse,chatGPT told me to use these websites for briging usdc polygon to usdc ethereum.On one of the websites I got a popup that I thought was from Metamask (it had the logo and everything). It told me that metamask had an update and that I needed to provide SRP of metamask after update completed.,Anonymous,"on Jan 30, 2026",1,3296.00 USD,0xB98fDC1466AC5aED07ecA3Bbd7a0E11a32AB50d7,Ethereum,,"https://app.symbiosis.finance/,, https://bridge.acrossportocol.com/"
fde2209a-776a-4d9e-bfd6-136d69bd41fb,https://chainabuse.com/report/fde2209a-776a-4d9e-bfd6-136d69bd41fb?context=browse-chain&chain=ETH,https://chainabuse.com/chain/ETH?page=9,2026-02-10T19:19:11.893272,Phishing Scams: Stay Protected on Chainabuse,chatGPT told me to use these websites for briging usdc polygon to usdc ethereum.On one of the websites I got a popup that I thought was from Metamask (it had the logo and everything). It told me that metamask had an update and that I needed to provide SRP of metamask after update completed.,Anonymous,"on Jan 30, 2026",1,3296.00 USD,0xB98fDC1466AC5aED07ecA3Bbd7a0E11a32AB50d7,Ethereum,,"https://app.symbiosis.finance/,, https://bridge.acrossportocol.com/"
46e24094-234c-43ef-9270-460dd21cb7fc,https://chainabuse.com/report/46e24094-234c-43ef-9270-460dd21cb7fc?context=browse-chain&chain=ETH,https://chainabuse.com/chain/ETH?page=9,2026-02-10T19:19:15.704574,Contract Exploit Scams: Stay Alert with Chainabuse,"Staked ETH from metamask many times so far. In the last time, it errored out as ""not possible to stake from your region"" and after that the hack happened, and lost $3000 ETH.",Anonymous,"on Jan 30, 2026",1,2999.00 USD,0x650352013Ba6ec6797840769fB6F393102Dc688F,Ethereum,,
cfe5e6f7-67a4-4c6a-bbde-6d0a626d62d1,https://chainabuse.com/report/cfe5e6f7-67a4-4c6a-bbde-6d0a626d62d1?context=browse-chain&chain=ETH,https://chainabuse.com/chain/ETH?page=9,2026-02-10T19:19:19.445084,,,Anonymous,,0,,,,,
3bdc9421-7dee-4e31-9a2d-595595300b7e,https://chainabuse.com/report/3bdc9421-7dee-4e31-9a2d-595595300b7e?context=browse-chain&chain=ETH,https://chainabuse.com/chain/ETH?page=9,2026-02-10T19:19:23.486317,Fake Return Scams: Secure Your Crypto Investments,"I invested about 20,000 dollars in stocks on site corfelimited.com. after several actions on the broker’s side we reached a sum of about 240,000 dollars. After we tried to withdraw the money, requests started coming in to transfer additional funds in order to process some documents. This kept going on and on. At first, we tried to withdraw the money using Western Union and GT, then we switched to crypto, where it got stuck in MetaMask. I started receiving letters saying that I needed to pay this fee and that fee.",Anonymous,"on Jan 30, 2026",1,70000.00 USD,0xdAC17F958D2ee523a2206206994597C13D831ec7,Ethereum,,"https://corfelimited.com/, https://corfelimited.com/"
3bdc9421-7dee-4e31-9a2d-595595300b7e,https://chainabuse.com/report/3bdc9421-7dee-4e31-9a2d-595595300b7e?context=browse-chain&chain=ETH,https://chainabuse.com/chain/ETH?page=9,2026-02-10T19:19:23.486317,Fake Return Scams: Secure Your Crypto Investments,"I invested about 20,000 dollars in stocks on site corfelimited.com. after several actions on the broker’s side we reached a sum of about 240,000 dollars. After we tried to withdraw the money, requests started coming in to transfer additional funds in order to process some documents. This kept going on and on. At first, we tried to withdraw the money using Western Union and GT, then we switched to crypto, where it got stuck in MetaMask. I started receiving letters saying that I needed to pay this fee and that fee.",Anonymous,"on Jan 30, 2026",1,70000.00 USD,0x54351ccd595543c28c264231b9ba11d56392214c,Ethereum,,"https://corfelimited.com/, https://corfelimited.com/"
3bdc9421-7dee-4e31-9a2d-595595300b7e,https://chainabuse.com/report/3bdc9421-7dee-4e31-9a2d-595595300b7e?context=browse-chain&chain=ETH,https://chainabuse.com/chain/ETH?page=9,2026-02-10T19:19:23.486317,Fake Return Scams: Secure Your Crypto Investments,"I invested about 20,000 dollars in stocks on site corfelimited.com. after several actions on the broker’s side we reached a sum of about 240,000 dollars. After we tried to withdraw the money, requests started coming in to transfer additional funds in order to process some documents. This kept going on and on. At first, we tried to withdraw the money using Western Union and GT, then we switched to crypto, where it got stuck in MetaMask. I started receiving letters saying that I needed to pay this fee and that fee.",Anonymous,"on Jan 30, 2026",1,70000.00 USD,CWD2bs3BZzzVZ5TjhndWJnyt2E9NE69JnFFcRyneQZvN,Solana,,"https://corfelimited.com/, https://corfelimited.com/"
3bdc9421-7dee-4e31-9a2d-595595300b7e,https://chainabuse.com/report/3bdc9421-7dee-4e31-9a2d-595595300b7e?context=browse-chain&chain=ETH,https://chainabuse.com/chain/ETH?page=9,2026-02-10T19:19:23.486317,Fake Return Scams: Secure Your Crypto Investments,"I invested about 20,000 dollars in stocks on site corfelimited.com. after several actions on the broker’s side we reached a sum of about 240,000 dollars. After we tried to withdraw the money, requests started coming in to transfer additional funds in order to process some documents. This kept going on and on. At first, we tried to withdraw the money using Western Union and GT, then we switched to crypto, where it got stuck in MetaMask. I started receiving letters saying that I needed to pay this fee and that fee.",Anonymous,"on Jan 30, 2026",1,70000.00 USD,0xdAC17F958D2ee523a2206206994597C13D831ec7,Ethereum,,"https://corfelimited.com/, https://corfelimited.com/"
3bdc9421-7dee-4e31-9a2d-595595300b7e,https://chainabuse.com/report/3bdc9421-7dee-4e31-9a2d-595595300b7e?context=browse-chain&chain=ETH,https://chainabuse.com/chain/ETH?page=9,2026-02-10T19:19:23.486317,Fake Return Scams: Secure Your Crypto Investments,"I invested about 20,000 dollars in stocks on site corfelimited.com. after several actions on the broker’s side we reached a sum of about 240,000 dollars. After we tried to withdraw the money, requests started coming in to transfer additional funds in order to process some documents. This kept going on and on. At first, we tried to withdraw the money using Western Union and GT, then we switched to crypto, where it got stuck in MetaMask. I started receiving letters saying that I needed to pay this fee and that fee.",Anonymous,"on Jan 30, 2026",1,70000.00 USD,0x54351ccd595543c28c264231b9ba11d56392214c,Ethereum,,"https://corfelimited.com/, https://corfelimited.com/"
3bdc9421-7dee-4e31-9a2d-595595300b7e,https://chainabuse.com/report/3bdc9421-7dee-4e31-9a2d-595595300b7e?context=browse-chain&chain=ETH,https://chainabuse.com/chain/ETH?page=9,2026-02-10T19:19:23.486317,Fake Return Scams: Secure Your Crypto Investments,"I invested about 20,000 dollars in stocks on site corfelimited.com. after several actions on the broker’s side we reached a sum of about 240,000 dollars. After we tried to withdraw the money, requests started coming in to transfer additional funds in order to process some documents. This kept going on and on. At first, we tried to withdraw the money using Western Union and GT, then we switched to crypto, where it got stuck in MetaMask. I started receiving letters saying that I needed to pay this fee and that fee.",Anonymous,"on Jan 30, 2026",1,70000.00 USD,CWD2bs3BZzzVZ5TjhndWJnyt2E9NE69JnFFcRyneQZvN,Solana,,"https://corfelimited.com/, https://corfelimited.com/"
754d32a7-0d14-482f-9522-f4bf93787edd,https://chainabuse.com/report/754d32a7-0d14-482f-9522-f4bf93787edd?context=browse-chain&chain=ETH,https://chainabuse.com/chain/ETH?page=9,2026-02-10T19:19:27.099941,Romance Scams: Stay Secure with Chainabuse,"I was a victim of a romance scam. The scammer’s name is Cheng Yu Lee (承宇 李), and he used the name Alex on the Bumble app. His Instagram account name is elenawilson1046. He claimed to be 43 years old and said that he worked as a Technical Program Manager at Coinbase. The phone number he used was +1 (407) 616-4312.",Anonymous,"on Jan 30, 2026",1,12000 CAD,0xaD8A88866AeaEDe608275E21287E3BF78b1F6e0b,Ethereum,Crypto.com,"https://dcoinen.cc/main.html#/, https://dcoinen.cc/main.html#/"
754d32a7-0d14-482f-9522-f4bf93787edd,https://chainabuse.com/report/754d32a7-0d14-482f-9522-f4bf93787edd?context=browse-chain&chain=ETH,https://chainabuse.com/chain/ETH?page=9,2026-02-10T19:19:27.099941,Romance Scams: Stay Secure with Chainabuse,"I was a victim of a romance scam. The scammer’s name is Cheng Yu Lee (承宇 李), and he used the name Alex on the Bumble app. His Instagram account name is elenawilson1046. He claimed to be 43 years old and said that he worked as a Technical Program Manager at Coinbase. The phone number he used was +1 (407) 616-4312.",Anonymous,"on Jan 30, 2026",1,12000 CAD,0xaD8A88866AeaEDe608275E21287E3BF78b1F6e0b,Ethereum,Crypto.com,"https://dcoinen.cc/main.html#/, https://dcoinen.cc/main.html#/"
ad9a8799-853a-4a68-af5a-8cd9893e0da2,https://chainabuse.com/report/ad9a8799-853a-4a68-af5a-8cd9893e0da2?context=browse-chain&chain=ETH,https://chainabuse.com/chain/ETH?page=8,2026-02-10T19:18:47.301476,Crypto Hacks: Report and Stay Safe with Chainabuse,my metamask and solscan wallets were both drained within 24 hours,Anonymous,"on Feb 1, 2026",1,,0x77e50b22aB9639f7DF4a123170177F73C59E64FD,Ethereum,,
926e66f4-8201-4400-81fe-b6511b29ffa0,https://chainabuse.com/report/926e66f4-8201-4400-81fe-b6511b29ffa0?context=browse-chain&chain=ETH,https://chainabuse.com/chain/ETH?page=8,2026-02-10T19:18:50.908740,Ransomware Attacks: Report and Fight Back with Chainabuse,"12.10.2025, Igor Borona contacted me. He said he worked for an investment company and suggested that I also become a client and invest in them. I am not knowledgeable in this area, so I sent him about $20,000 in cryptocurrency. He received it in his Atomic Wallet and began demanding more from me. He said that I had to send him another $6,000 so that he would return my money to me",Anonymous,"on Feb 1, 2026",1,,0xec116BBa8f3D9C4C4C2eD3007d72a305823656a9,Ethereum,,https://t.me/boronagroup
7a3955b2-2264-4042-b9cf-03ccd9f4d2af,https://chainabuse.com/report/7a3955b2-2264-4042-b9cf-03ccd9f4d2af?context=browse-chain&chain=ETH,https://chainabuse.com/chain/ETH?page=8,2026-02-10T19:18:54.575119,Crypto Hacks: Report and Stay Safe with Chainabuse,my metamask and solscan wallets were both drained within 24 hours,Anonymous,"on Feb 1, 2026",1,,0x77e50b22aB9639f7DF4a123170177F73C59E64FD,Ethereum,,
7a3955b2-2264-4042-b9cf-03ccd9f4d2af,https://chainabuse.com/report/7a3955b2-2264-4042-b9cf-03ccd9f4d2af?context=browse-chain&chain=ETH,https://chainabuse.com/chain/ETH?page=8,2026-02-10T19:18:54.575119,Crypto Hacks: Report and Stay Safe with Chainabuse,my metamask and solscan wallets were both drained within 24 hours,Anonymous,"on Feb 1, 2026",1,,7Rd8nR4h57TgBo9LQhbMpS8DXXsdtHCwuWFzXo4SSdfN,Solana,,
8c99dab3-4a4e-4c91-b3ed-c1650064f799,https://chainabuse.com/report/8c99dab3-4a4e-4c91-b3ed-c1650064f799?context=browse-chain&chain=ETH,https://chainabuse.com/chain/ETH?page=8,2026-02-10T19:18:58.205549,Crypto Hacks: Report and Stay Safe with Chainabuse,"The fraudster used a malicious program that replaces the address in the device's clipboard. You copy the person's address, but when you paste it to make a transfer, the address is replaced with 0xec7FBc2aB43946AA9ce2e03fa4A2352b339705c8.",Anonymous,"on Feb 1, 2026",1,,0xec7FBc2aB43946AA9ce2e03fa4A2352b339705c8,Ethereum,,
d2a8497b-bab6-415b-9e76-5c12d6b69bf1,https://chainabuse.com/report/d2a8497b-bab6-415b-9e76-5c12d6b69bf1?context=browse-chain&chain=ETH,https://chainabuse.com/chain/ETH?page=8,2026-02-10T19:19:01.808167,Phishing Scams: Stay Protected on Chainabuse,One Pakistani girl messaged me in WhatsApp and then she convinced me to download o wallet and she claimed it was a liquidity pool,Anonymous,"on Jan 31, 2026",1,267.00 USD,0x00F4d759C49D9c1912A156743Bc0EFF14659cAE7,Ethereum,,https://methx.vip/poolData
d2a8497b-bab6-415b-9e76-5c12d6b69bf1,https://chainabuse.com/report/d2a8497b-bab6-415b-9e76-5c12d6b69bf1?context=browse-chain&chain=ETH,https://chainabuse.com/chain/ETH?page=8,2026-02-10T19:19:01.808167,Phishing Scams: Stay Protected on Chainabuse,One Pakistani girl messaged me in WhatsApp and then she convinced me to download o wallet and she claimed it was a liquidity pool,Anonymous,"on Jan 31, 2026",1,267.00 USD,0x2e84Ec7bf3c057C39cc50A810DfaD5dd5E90B26D,Ethereum,,https://methx.vip/poolData
d2a8497b-bab6-415b-9e76-5c12d6b69bf1,https://chainabuse.com/report/d2a8497b-bab6-415b-9e76-5c12d6b69bf1?context=browse-chain&chain=ETH,https://chainabuse.com/chain/ETH?page=8,2026-02-10T19:19:01.808167,Phishing Scams: Stay Protected on Chainabuse,One Pakistani girl messaged me in WhatsApp and then she convinced me to download o wallet and she claimed it was a liquidity pool,Anonymous,"on Jan 31, 2026",1,267.00 USD,0xdAC17F958D2ee523a2206206994597C13D831ec7,Ethereum,,https://methx.vip/poolData
d2a8497b-bab6-415b-9e76-5c12d6b69bf1,https://chainabuse.com/report/d2a8497b-bab6-415b-9e76-5c12d6b69bf1?context=browse-chain&chain=ETH,https://chainabuse.com/chain/ETH?page=8,2026-02-10T19:19:01.808167,Phishing Scams: Stay Protected on Chainabuse,One Pakistani girl messaged me in WhatsApp and then she convinced me to download o wallet and she claimed it was a liquidity pool,Anonymous,"on Jan 31, 2026",1,267.00 USD,0x966d3E5B4817a6082b1490896cD60a323504FBe0,Ethereum,,https://methx.vip/poolData
48d0edcd-1574-4bf0-b0d2-2c2c0780567d,https://chainabuse.com/report/48d0edcd-1574-4bf0-b0d2-2c2c0780567d?context=browse-chain&chain=ETH,https://chainabuse.com/chain/ETH?page=8,2026-02-10T19:19:05.435882,Crypto Hacks: Report and Stay Safe with Chainabuse,"The fraudster used a malicious program that replaces the address in the device's clipboard. You copy the person's address, but when you paste it to make a transfer, the address is replaced with 0xec7FBc2aB43946AA9ce2e03fa4A2352b339705c8.",Anonymous,"on Jan 31, 2026",1,0.00 USD,0xec7FBc2aB43946AA9ce2e03fa4A2352b339705c8,Ethereum,,
7186617b-f561-486a-958b-6e3c70103a19,https://chainabuse.com/report/7186617b-f561-486a-958b-6e3c70103a19?context=browse-chain&chain=ETH,https://chainabuse.com/chain/ETH?page=8,2026-02-10T19:19:09.068727,Romance Scams: Stay Secure with Chainabuse,"Fake investment platform fxwindsorbrokers.com, made a lot of fake profits and when ask to withdrawal, needed to pay ""tax' which have to be sent in ETH and never hear back from that point onward.",Anonymous,"on Jan 31, 2026",1,500000 HKD,0x17151ABE48b232CB0c4C9f4593abb00AA864d1cF,Ethereum,,"fxwindsorbrokers.com, fxwindsorbrokers.com"
7186617b-f561-486a-958b-6e3c70103a19,https://chainabuse.com/report/7186617b-f561-486a-958b-6e3c70103a19?context=browse-chain&chain=ETH,https://chainabuse.com/chain/ETH?page=8,2026-02-10T19:19:09.068727,Romance Scams: Stay Secure with Chainabuse,"Fake investment platform fxwindsorbrokers.com, made a lot of fake profits and when ask to withdrawal, needed to pay ""tax' which have to be sent in ETH and never hear back from that point onward.",Anonymous,"on Jan 31, 2026",1,500000 HKD,0x17151ABE48b232CB0c4C9f4593abb00AA864d1cF,Ethereum,,"fxwindsorbrokers.com, fxwindsorbrokers.com"
6ad77bce-b284-4768-b044-f43191e875fb,https://chainabuse.com/report/6ad77bce-b284-4768-b044-f43191e875fb?context=browse-chain&chain=ETH,https://chainabuse.com/chain/ETH?page=8,2026-02-10T19:19:12.681953,Pig Butchering Scams: Learn and Report on Chainabuse,"They posted a job for Crypto Trading. I applied and gave my cellphone number. They called me 24 hours later. A guy named David Blake told me he was from HR, and asked me to contact a lady named Rachel Cole, she told me the trading process was to buy cheap and sell expensive in different exchanges, using Trust Wallet, Sushi, and some others. She asked me for my public USDT address. They called me to teach me on how to do the swaps, and later I discovered they were transferring me additional money, to make me believe it was the profits of the swaps. They were asking me to add more money to my account, thousands of dollars, promising that if I deposited more, the ""earnings"" would be higher.",Anonymous,"on Jan 31, 2026",1,,0xf6f5ce9a91dd4fae2d2ed92e25f2a4dc8564f174,Ethereum,,https://wa.me/18733060890
5fae1103-3a0a-4104-b6be-79624248b47b,https://chainabuse.com/report/5fae1103-3a0a-4104-b6be-79624248b47b?context=browse-chain&chain=ETH,https://chainabuse.com/chain/ETH?page=8,2026-02-10T19:19:16.520725,Fake Return Scams: Secure Your Crypto Investments,The platform was fake with a promise to make money.,Anonymous,"on Jan 31, 2026",1,,0x2fbc80cadd41f438aab71a37b910a3587791e5f5,Ethereum,,
517cf282-5795-4ac7-8ce2-f3f025d28cf0,https://chainabuse.com/report/517cf282-5795-4ac7-8ce2-f3f025d28cf0?context=browse-chain&chain=ETH,https://chainabuse.com/chain/ETH?page=8,2026-02-10T19:19:20.948812,,,Anonymous,,0,,,,,
fb317f2f-cd66-40fb-ad35-cd8070e692c3,https://chainabuse.com/report/fb317f2f-cd66-40fb-ad35-cd8070e692c3?context=browse-chain&chain=ETH,https://chainabuse.com/chain/ETH?page=8,2026-02-10T19:19:28.720630,Crypto Hacks: Report and Stay Safe with Chainabuse,my metamask and solscan wallets were both drained within 24 hours,Anonymous,"on Jan 30, 2026",1,2500.00 USD,7Rd8nR4h57TgBo9LQhbMpS8DXXsdtHCwuWFzXo4SSdfN,Solana,,
fb317f2f-cd66-40fb-ad35-cd8070e692c3,https://chainabuse.com/report/fb317f2f-cd66-40fb-ad35-cd8070e692c3?context=browse-chain&chain=ETH,https://chainabuse.com/chain/ETH?page=8,2026-02-10T19:19:28.720630,Crypto Hacks: Report and Stay Safe with Chainabuse,my metamask and solscan wallets were both drained within 24 hours,Anonymous,"on Jan 30, 2026",1,2500.00 USD,0x77e50b22aB9639f7DF4a123170177F73C59E64FD,Ethereum,,
fb317f2f-cd66-40fb-ad35-cd8070e692c3,https://chainabuse.com/report/fb317f2f-cd66-40fb-ad35-cd8070e692c3?context=browse-chain&chain=ETH,https://chainabuse.com/chain/ETH?page=8,2026-02-10T19:19:28.720630,Crypto Hacks: Report and Stay Safe with Chainabuse,my metamask and solscan wallets were both drained within 24 hours,Anonymous,"on Jan 30, 2026",1,2500.00 USD,7Rd8nR4h57TgBo9LQhbMpS8DXXsdtHCwuWFzXo4SSdfN,Solana,,
fb317f2f-cd66-40fb-ad35-cd8070e692c3,https://chainabuse.com/report/fb317f2f-cd66-40fb-ad35-cd8070e692c3?context=browse-chain&chain=ETH,https://chainabuse.com/chain/ETH?page=8,2026-02-10T19:19:28.720630,Crypto Hacks: Report and Stay Safe with Chainabuse,my metamask and solscan wallets were both drained within 24 hours,Anonymous,"on Jan 30, 2026",1,2500.00 USD,0x77e50b22aB9639f7DF4a123170177F73C59E64FD,Ethereum,,
e56eb91f-fada-4ee9-809d-348f1aa98b59,https://chainabuse.com/report/e56eb91f-fada-4ee9-809d-348f1aa98b59?context=browse-chain&chain=ETH,https://chainabuse.com/chain/ETH?page=8,2026-02-10T19:19:32.362539,Job Scam: Learn and Report on Chainabuse,"Hello, I apreciate any help I can get.I was looking for a second job while working as a coach at the Fehérút National Shooting Range when I saw an Instagram advertisement from “Euronics Career Networks.” I applied using my email and phone number and was soon contacted by email, then redirected to WhatsApp to speak with a coordinator. A person identifying herself as “Laura Fisher” contacted me, claiming to work for the British company Harvey Nichols. She offered a remote SEO marketing position, paying 600 euros per week for 3–4 hours of work per day, six days a week, plus commissions. She offered a training day, which I accepted. She sent me a link to a trainee interface that visually matched Harvey Nichols’ official website. I verified that Harvey Nichols is a real company. The training platform, however, could only be accessed via her link. During training, I completed tasks involving rating products and placing simulated orders to increase product visibility, earning commissions. No real purchases were made. Laura covered all required credits. At the end of training, I received 78 euros as a “training bonus” on my Revolut account, sent by a supposed Finance Department. I was then directed to the site’s support team via Telegram, where I was asked for standard employment details and received a contract bearing the name of the company’s real CEO. Before signing, Laura explained the system further and instructed me to wait, which increased my trust. She explained that the system required part of the daily funds to be deposited by me to avoid algorithm detection, assuring me these amounts would be reimbursed via salary and bonuses. The daily amount was 100 euros, to be deposited via cryptocurrency. I downloaded the Bitget app, deposited 100 euros worth of Ethereum, and sent it to a provided wallet. After completing 120 daily tasks, my balance increased and I successfully withdrew funds to my Revolut account. Over the next days, I reinvested only earned money and successfully withdrew increasing amounts. I was added to a WhatsApp group where others shared apparent success stories. I was encouraged to deposit higher amounts (up to 1,000 euros) to receive higher commissions. I deposited increasing sums and was repeatedly able to withdraw funds, reinforcing my trust. On the following day, after depositing 500 euros, I encountered multiple “limited edition” items requiring additional deposits: first 920 euros, then 2,600 euros. Support stated tasks could not be skipped and withdrawals were only possible after completing all daily tasks. Fearing loss of my existing deposits, I paid these amounts. Later, another item appeared requiring a deposit of 7,780 euros. At this point, I realized I was likely being scammed. Support encouraged me to borrow money or take out a loan. My mentor claimed to be hospitalized and became unresponsive. After speaking with a friend, I concluded this was a coordinated scam. I have not yet confronted the perpetrators. Bitget has informed me that tracking or recovery may only be possible after filing an official police report, which I have already filed for this morning in my home country Hungary with the X. district police department. Thank you for any help.",Anonymous,"on Jan 30, 2026",1,4088 EUR,0x3bED6c113cD7700c964756B4e2d8EF766477C70E,Ethereum,,"https://marketvisibility-harveynichols.com/, https://marketvisibility-harveynichols.com/"
e56eb91f-fada-4ee9-809d-348f1aa98b59,https://chainabuse.com/report/e56eb91f-fada-4ee9-809d-348f1aa98b59?context=browse-chain&chain=ETH,https://chainabuse.com/chain/ETH?page=8,2026-02-10T19:19:32.362539,Job Scam: Learn and Report on Chainabuse,"Hello, I apreciate any help I can get.I was looking for a second job while working as a coach at the Fehérút National Shooting Range when I saw an Instagram advertisement from “Euronics Career Networks.” I applied using my email and phone number and was soon contacted by email, then redirected to WhatsApp to speak with a coordinator. A person identifying herself as “Laura Fisher” contacted me, claiming to work for the British company Harvey Nichols. She offered a remote SEO marketing position, paying 600 euros per week for 3–4 hours of work per day, six days a week, plus commissions. She offered a training day, which I accepted. She sent me a link to a trainee interface that visually matched Harvey Nichols’ official website. I verified that Harvey Nichols is a real company. The training platform, however, could only be accessed via her link. During training, I completed tasks involving rating products and placing simulated orders to increase product visibility, earning commissions. No real purchases were made. Laura covered all required credits. At the end of training, I received 78 euros as a “training bonus” on my Revolut account, sent by a supposed Finance Department. I was then directed to the site’s support team via Telegram, where I was asked for standard employment details and received a contract bearing the name of the company’s real CEO. Before signing, Laura explained the system further and instructed me to wait, which increased my trust. She explained that the system required part of the daily funds to be deposited by me to avoid algorithm detection, assuring me these amounts would be reimbursed via salary and bonuses. The daily amount was 100 euros, to be deposited via cryptocurrency. I downloaded the Bitget app, deposited 100 euros worth of Ethereum, and sent it to a provided wallet. After completing 120 daily tasks, my balance increased and I successfully withdrew funds to my Revolut account. Over the next days, I reinvested only earned money and successfully withdrew increasing amounts. I was added to a WhatsApp group where others shared apparent success stories. I was encouraged to deposit higher amounts (up to 1,000 euros) to receive higher commissions. I deposited increasing sums and was repeatedly able to withdraw funds, reinforcing my trust. On the following day, after depositing 500 euros, I encountered multiple “limited edition” items requiring additional deposits: first 920 euros, then 2,600 euros. Support stated tasks could not be skipped and withdrawals were only possible after completing all daily tasks. Fearing loss of my existing deposits, I paid these amounts. Later, another item appeared requiring a deposit of 7,780 euros. At this point, I realized I was likely being scammed. Support encouraged me to borrow money or take out a loan. My mentor claimed to be hospitalized and became unresponsive. After speaking with a friend, I concluded this was a coordinated scam. I have not yet confronted the perpetrators. Bitget has informed me that tracking or recovery may only be possible after filing an official police report, which I have already filed for this morning in my home country Hungary with the X. district police department. Thank you for any help.",Anonymous,"on Jan 30, 2026",1,4088 EUR,0x3bED6c113cD7700c964756B4e2d8EF766477C70E,Ethereum,,"https://marketvisibility-harveynichols.com/, https://marketvisibility-harveynichols.com/"
d708fffd-b5df-4967-aa21-1ea6034050c8,https://chainabuse.com/report/d708fffd-b5df-4967-aa21-1ea6034050c8?context=browse-chain&chain=ETH,https://chainabuse.com/chain/ETH?page=8,2026-02-10T19:19:35.972134,Phishing Scams: Stay Protected on Chainabuse,"01.26.2026: I was contacted online by a man named Mikhail Avramenko, who presented himself as a cryptocurrency investment advisor. From the beginning, he acted in a calculated and manipulative manner, carefully building trust through false promises, fake reports, and fabricated success stories. Mikhail proved to be a dishonest and highly deceptive individual who showed no moral limits in his actions. He constantly changed his tactics, created convincing lies, and used psychological pressure to control the situation. His only goal was to steal money, regardless of the consequences for others. Through his deliberate deception, he persuaded me to transfer approximately $22,000 in cryptocurrency to a wallet under his control. After receiving the funds, he continued to invent excuses and demand additional payments. When I refused to send more money, he immediately cut off communication and disappeared from all online platforms. It became clear that I had been deliberately targeted and defrauded by a professional scammer who carefully planned and executed this crime.",Anonymous,"on Jan 30, 2026",1,22000.00 USD,0x99825035bDc21a67f1cB14F6FF9F0d528c500d92,Ethereum,,mikhailavramenko.us
960d55ff-6404-43fd-bf37-00123924d217,https://chainabuse.com/report/960d55ff-6404-43fd-bf37-00123924d217?context=browse-chain&chain=ETH,https://chainabuse.com/chain/ETH?page=0,2026-02-10T19:19:44.255289,Fake Return Scams: Secure Your Crypto Investments,"I interacted with an online cryptocurrency casino operating at kazewin.io, which presents itself as a legitimate, decentralized crypto gambling platform allegedly operating under Curaçao Gaming regulations. After creating an account and claiming a ""Sign up Bonus"", I attempted to withdraw my balance. At that point, I was informed that my withdrawal could not be processed due to an “Account verification error.” The platform’s representative stated that to complete identity verification and activate my account, I was required to make a mandatory $200 deposit. This deposit was described as: * a “one-time verification deposit,” * required by Curaçao regulations, * necessary due to the casino being “decentralized,” and * fully withdrawable immediately after verification. I questioned this requirement, as legitimate KYC/AML processes do not require users to deposit funds to verify identity. I requested standard compliance information, including: * the casino’s Curaçao license number, * a link to the official regulator registry, * the specific Terms & Conditions section describing this deposit requirement, * clarification on refundability if verification failed. The representative refused to provide any licensing information, refused to cite written policies, and stated they were unable to escalate the issue to compliance or management. They explicitly said that licensing and regulatory matters were outside their scope. Despite this, I was told that the only way to proceed with withdrawal was to make a new, separate deposit of at least $200 in a single payment. This was presented as the only available solution to resolve the withdrawal error. When I declined to send funds and requested escalation, the representative again refused and reiterated that: * No further information could be provided. * No escalation was possible, * and withdrawal would remain blocked unless I deposited additional money. At this point, it became clear that: * withdrawals were being conditioned on repeated deposits, * no verifiable regulatory authority or license could be produced, * no compliance contact or management escalation existed, and * The platform was using vague claims of regulation to pressure for further payment. This behavior matches known advance-fee crypto fraud / fake casino scams, where victims are repeatedly required to send additional funds under the promise that withdrawals will be unlocked, while funds are never released. I ceased interaction and did not send funds. I have retained: * full chat transcripts, * wallet addresses provided by the platform, * screenshots of withdrawal errors, * and written statements from the platform demanding additional deposits",Anonymous,1 hour ago,1,0.00 USD,bc1qpdn8c0p5nq7wn7uq3cgddurt0w8qtsdv0ulk6m,Bitcoin,,"https://kazewin.io/profile/deposit, https://kazewin.io/profile, https://kazewin.io/, https://kazewin.io/home, https://kazewin.io/profile/withdraw, https://kazewin.io/profile/bonuses, https://kazewin.io/profile/verification, https://kazewin.io/profile/settings, https://kazewin.io/profile/transactions, https://kazewin.io/games, https://kazewin.io/slots, https://kazewin.io/vip, https://kazewin.io/promotions, https://kazewin.io/about, https://kazewin.io/sponsorships, https://kazewin.io/licenses, https://kazewin.io/feedback, https://kazewin.io/news, https://kazewin.io/profile/deposit, https://kazewin.io/profile, https://kazewin.io/, https://kazewin.io/home, https://kazewin.io/profile/withdraw, https://kazewin.io/profile/bonuses, https://kazewin.io/profile/verification, https://kazewin.io/profile/settings, https://kazewin.io/profile/transactions, https://kazewin.io/games, https://kazewin.io/slots, https://kazewin.io/vip, https://kazewin.io/promotions, https://kazewin.io/about, https://kazewin.io/sponsorships, https://kazewin.io/licenses, https://kazewin.io/feedback, https://kazewin.io/news"
960d55ff-6404-43fd-bf37-00123924d217,https://chainabuse.com/report/960d55ff-6404-43fd-bf37-00123924d217?context=browse-chain&chain=ETH,https://chainabuse.com/chain/ETH?page=0,2026-02-10T19:19:44.255289,Fake Return Scams: Secure Your Crypto Investments,"I interacted with an online cryptocurrency casino operating at kazewin.io, which presents itself as a legitimate, decentralized crypto gambling platform allegedly operating under Curaçao Gaming regulations. After creating an account and claiming a ""Sign up Bonus"", I attempted to withdraw my balance. At that point, I was informed that my withdrawal could not be processed due to an “Account verification error.” The platform’s representative stated that to complete identity verification and activate my account, I was required to make a mandatory $200 deposit. This deposit was described as: * a “one-time verification deposit,” * required by Curaçao regulations, * necessary due to the casino being “decentralized,” and * fully withdrawable immediately after verification. I questioned this requirement, as legitimate KYC/AML processes do not require users to deposit funds to verify identity. I requested standard compliance information, including: * the casino’s Curaçao license number, * a link to the official regulator registry, * the specific Terms & Conditions section describing this deposit requirement, * clarification on refundability if verification failed. The representative refused to provide any licensing information, refused to cite written policies, and stated they were unable to escalate the issue to compliance or management. They explicitly said that licensing and regulatory matters were outside their scope. Despite this, I was told that the only way to proceed with withdrawal was to make a new, separate deposit of at least $200 in a single payment. This was presented as the only available solution to resolve the withdrawal error. When I declined to send funds and requested escalation, the representative again refused and reiterated that: * No further information could be provided. * No escalation was possible, * and withdrawal would remain blocked unless I deposited additional money. At this point, it became clear that: * withdrawals were being conditioned on repeated deposits, * no verifiable regulatory authority or license could be produced, * no compliance contact or management escalation existed, and * The platform was using vague claims of regulation to pressure for further payment. This behavior matches known advance-fee crypto fraud / fake casino scams, where victims are repeatedly required to send additional funds under the promise that withdrawals will be unlocked, while funds are never released. I ceased interaction and did not send funds. I have retained: * full chat transcripts, * wallet addresses provided by the platform, * screenshots of withdrawal errors, * and written statements from the platform demanding additional deposits",Anonymous,1 hour ago,1,0.00 USD,0xa08f0483EaeA616EAe7764C9dEA9058581B90DF1,Ethereum,,"https://kazewin.io/profile/deposit, https://kazewin.io/profile, https://kazewin.io/, https://kazewin.io/home, https://kazewin.io/profile/withdraw, https://kazewin.io/profile/bonuses, https://kazewin.io/profile/verification, https://kazewin.io/profile/settings, https://kazewin.io/profile/transactions, https://kazewin.io/games, https://kazewin.io/slots, https://kazewin.io/vip, https://kazewin.io/promotions, https://kazewin.io/about, https://kazewin.io/sponsorships, https://kazewin.io/licenses, https://kazewin.io/feedback, https://kazewin.io/news, https://kazewin.io/profile/deposit, https://kazewin.io/profile, https://kazewin.io/, https://kazewin.io/home, https://kazewin.io/profile/withdraw, https://kazewin.io/profile/bonuses, https://kazewin.io/profile/verification, https://kazewin.io/profile/settings, https://kazewin.io/profile/transactions, https://kazewin.io/games, https://kazewin.io/slots, https://kazewin.io/vip, https://kazewin.io/promotions, https://kazewin.io/about, https://kazewin.io/sponsorships, https://kazewin.io/licenses, https://kazewin.io/feedback, https://kazewin.io/news"
960d55ff-6404-43fd-bf37-00123924d217,https://chainabuse.com/report/960d55ff-6404-43fd-bf37-00123924d217?context=browse-chain&chain=ETH,https://chainabuse.com/chain/ETH?page=0,2026-02-10T19:19:44.255289,Fake Return Scams: Secure Your Crypto Investments,"I interacted with an online cryptocurrency casino operating at kazewin.io, which presents itself as a legitimate, decentralized crypto gambling platform allegedly operating under Curaçao Gaming regulations. After creating an account and claiming a ""Sign up Bonus"", I attempted to withdraw my balance. At that point, I was informed that my withdrawal could not be processed due to an “Account verification error.” The platform’s representative stated that to complete identity verification and activate my account, I was required to make a mandatory $200 deposit. This deposit was described as: * a “one-time verification deposit,” * required by Curaçao regulations, * necessary due to the casino being “decentralized,” and * fully withdrawable immediately after verification. I questioned this requirement, as legitimate KYC/AML processes do not require users to deposit funds to verify identity. I requested standard compliance information, including: * the casino’s Curaçao license number, * a link to the official regulator registry, * the specific Terms & Conditions section describing this deposit requirement, * clarification on refundability if verification failed. The representative refused to provide any licensing information, refused to cite written policies, and stated they were unable to escalate the issue to compliance or management. They explicitly said that licensing and regulatory matters were outside their scope. Despite this, I was told that the only way to proceed with withdrawal was to make a new, separate deposit of at least $200 in a single payment. This was presented as the only available solution to resolve the withdrawal error. When I declined to send funds and requested escalation, the representative again refused and reiterated that: * No further information could be provided. * No escalation was possible, * and withdrawal would remain blocked unless I deposited additional money. At this point, it became clear that: * withdrawals were being conditioned on repeated deposits, * no verifiable regulatory authority or license could be produced, * no compliance contact or management escalation existed, and * The platform was using vague claims of regulation to pressure for further payment. This behavior matches known advance-fee crypto fraud / fake casino scams, where victims are repeatedly required to send additional funds under the promise that withdrawals will be unlocked, while funds are never released. I ceased interaction and did not send funds. I have retained: * full chat transcripts, * wallet addresses provided by the platform, * screenshots of withdrawal errors, * and written statements from the platform demanding additional deposits",Anonymous,1 hour ago,1,0.00 USD,TPqGzovFQEWFsTkPFQ9Gy3wdHNepzkNPwX,Tron,,"https://kazewin.io/profile/deposit, https://kazewin.io/profile, https://kazewin.io/, https://kazewin.io/home, https://kazewin.io/profile/withdraw, https://kazewin.io/profile/bonuses, https://kazewin.io/profile/verification, https://kazewin.io/profile/settings, https://kazewin.io/profile/transactions, https://kazewin.io/games, https://kazewin.io/slots, https://kazewin.io/vip, https://kazewin.io/promotions, https://kazewin.io/about, https://kazewin.io/sponsorships, https://kazewin.io/licenses, https://kazewin.io/feedback, https://kazewin.io/news, https://kazewin.io/profile/deposit, https://kazewin.io/profile, https://kazewin.io/, https://kazewin.io/home, https://kazewin.io/profile/withdraw, https://kazewin.io/profile/bonuses, https://kazewin.io/profile/verification, https://kazewin.io/profile/settings, https://kazewin.io/profile/transactions, https://kazewin.io/games, https://kazewin.io/slots, https://kazewin.io/vip, https://kazewin.io/promotions, https://kazewin.io/about, https://kazewin.io/sponsorships, https://kazewin.io/licenses, https://kazewin.io/feedback, https://kazewin.io/news"
960d55ff-6404-43fd-bf37-00123924d217,https://chainabuse.com/report/960d55ff-6404-43fd-bf37-00123924d217?context=browse-chain&chain=ETH,https://chainabuse.com/chain/ETH?page=0,2026-02-10T19:19:44.255289,Fake Return Scams: Secure Your Crypto Investments,"I interacted with an online cryptocurrency casino operating at kazewin.io, which presents itself as a legitimate, decentralized crypto gambling platform allegedly operating under Curaçao Gaming regulations. After creating an account and claiming a ""Sign up Bonus"", I attempted to withdraw my balance. At that point, I was informed that my withdrawal could not be processed due to an “Account verification error.” The platform’s representative stated that to complete identity verification and activate my account, I was required to make a mandatory $200 deposit. This deposit was described as: * a “one-time verification deposit,” * required by Curaçao regulations, * necessary due to the casino being “decentralized,” and * fully withdrawable immediately after verification. I questioned this requirement, as legitimate KYC/AML processes do not require users to deposit funds to verify identity. I requested standard compliance information, including: * the casino’s Curaçao license number, * a link to the official regulator registry, * the specific Terms & Conditions section describing this deposit requirement, * clarification on refundability if verification failed. The representative refused to provide any licensing information, refused to cite written policies, and stated they were unable to escalate the issue to compliance or management. They explicitly said that licensing and regulatory matters were outside their scope. Despite this, I was told that the only way to proceed with withdrawal was to make a new, separate deposit of at least $200 in a single payment. This was presented as the only available solution to resolve the withdrawal error. When I declined to send funds and requested escalation, the representative again refused and reiterated that: * No further information could be provided. * No escalation was possible, * and withdrawal would remain blocked unless I deposited additional money. At this point, it became clear that: * withdrawals were being conditioned on repeated deposits, * no verifiable regulatory authority or license could be produced, * no compliance contact or management escalation existed, and * The platform was using vague claims of regulation to pressure for further payment. This behavior matches known advance-fee crypto fraud / fake casino scams, where victims are repeatedly required to send additional funds under the promise that withdrawals will be unlocked, while funds are never released. I ceased interaction and did not send funds. I have retained: * full chat transcripts, * wallet addresses provided by the platform, * screenshots of withdrawal errors, * and written statements from the platform demanding additional deposits",Anonymous,1 hour ago,1,0.00 USD,UQB6qVW7StXnLwMpaE6GWC6BlRSNgy5H7bh4QxEhoQrF7bzE,Ton,,"https://kazewin.io/profile/deposit, https://kazewin.io/profile, https://kazewin.io/, https://kazewin.io/home, https://kazewin.io/profile/withdraw, https://kazewin.io/profile/bonuses, https://kazewin.io/profile/verification, https://kazewin.io/profile/settings, https://kazewin.io/profile/transactions, https://kazewin.io/games, https://kazewin.io/slots, https://kazewin.io/vip, https://kazewin.io/promotions, https://kazewin.io/about, https://kazewin.io/sponsorships, https://kazewin.io/licenses, https://kazewin.io/feedback, https://kazewin.io/news, https://kazewin.io/profile/deposit, https://kazewin.io/profile, https://kazewin.io/, https://kazewin.io/home, https://kazewin.io/profile/withdraw, https://kazewin.io/profile/bonuses, https://kazewin.io/profile/verification, https://kazewin.io/profile/settings, https://kazewin.io/profile/transactions, https://kazewin.io/games, https://kazewin.io/slots, https://kazewin.io/vip, https://kazewin.io/promotions, https://kazewin.io/about, https://kazewin.io/sponsorships, https://kazewin.io/licenses, https://kazewin.io/feedback, https://kazewin.io/news"
960d55ff-6404-43fd-bf37-00123924d217,https://chainabuse.com/report/960d55ff-6404-43fd-bf37-00123924d217?context=browse-chain&chain=ETH,https://chainabuse.com/chain/ETH?page=0,2026-02-10T19:19:44.255289,Fake Return Scams: Secure Your Crypto Investments,"I interacted with an online cryptocurrency casino operating at kazewin.io, which presents itself as a legitimate, decentralized crypto gambling platform allegedly operating under Curaçao Gaming regulations. After creating an account and claiming a ""Sign up Bonus"", I attempted to withdraw my balance. At that point, I was informed that my withdrawal could not be processed due to an “Account verification error.” The platform’s representative stated that to complete identity verification and activate my account, I was required to make a mandatory $200 deposit. This deposit was described as: * a “one-time verification deposit,” * required by Curaçao regulations, * necessary due to the casino being “decentralized,” and * fully withdrawable immediately after verification. I questioned this requirement, as legitimate KYC/AML processes do not require users to deposit funds to verify identity. I requested standard compliance information, including: * the casino’s Curaçao license number, * a link to the official regulator registry, * the specific Terms & Conditions section describing this deposit requirement, * clarification on refundability if verification failed. The representative refused to provide any licensing information, refused to cite written policies, and stated they were unable to escalate the issue to compliance or management. They explicitly said that licensing and regulatory matters were outside their scope. Despite this, I was told that the only way to proceed with withdrawal was to make a new, separate deposit of at least $200 in a single payment. This was presented as the only available solution to resolve the withdrawal error. When I declined to send funds and requested escalation, the representative again refused and reiterated that: * No further information could be provided. * No escalation was possible, * and withdrawal would remain blocked unless I deposited additional money. At this point, it became clear that: * withdrawals were being conditioned on repeated deposits, * no verifiable regulatory authority or license could be produced, * no compliance contact or management escalation existed, and * The platform was using vague claims of regulation to pressure for further payment. This behavior matches known advance-fee crypto fraud / fake casino scams, where victims are repeatedly required to send additional funds under the promise that withdrawals will be unlocked, while funds are never released. I ceased interaction and did not send funds. I have retained: * full chat transcripts, * wallet addresses provided by the platform, * screenshots of withdrawal errors, * and written statements from the platform demanding additional deposits",Anonymous,1 hour ago,1,0.00 USD,EYqiJDm8Em5Nsp89ehk1PiMnA6qLcFuoovEe98r2JaYc,Solana,,"https://kazewin.io/profile/deposit, https://kazewin.io/profile, https://kazewin.io/, https://kazewin.io/home, https://kazewin.io/profile/withdraw, https://kazewin.io/profile/bonuses, https://kazewin.io/profile/verification, https://kazewin.io/profile/settings, https://kazewin.io/profile/transactions, https://kazewin.io/games, https://kazewin.io/slots, https://kazewin.io/vip, https://kazewin.io/promotions, https://kazewin.io/about, https://kazewin.io/sponsorships, https://kazewin.io/licenses, https://kazewin.io/feedback, https://kazewin.io/news, https://kazewin.io/profile/deposit, https://kazewin.io/profile, https://kazewin.io/, https://kazewin.io/home, https://kazewin.io/profile/withdraw, https://kazewin.io/profile/bonuses, https://kazewin.io/profile/verification, https://kazewin.io/profile/settings, https://kazewin.io/profile/transactions, https://kazewin.io/games, https://kazewin.io/slots, https://kazewin.io/vip, https://kazewin.io/promotions, https://kazewin.io/about, https://kazewin.io/sponsorships, https://kazewin.io/licenses, https://kazewin.io/feedback, https://kazewin.io/news"
960d55ff-6404-43fd-bf37-00123924d217,https://chainabuse.com/report/960d55ff-6404-43fd-bf37-00123924d217?context=browse-chain&chain=ETH,https://chainabuse.com/chain/ETH?page=0,2026-02-10T19:19:44.255289,Fake Return Scams: Secure Your Crypto Investments,"I interacted with an online cryptocurrency casino operating at kazewin.io, which presents itself as a legitimate, decentralized crypto gambling platform allegedly operating under Curaçao Gaming regulations. After creating an account and claiming a ""Sign up Bonus"", I attempted to withdraw my balance. At that point, I was informed that my withdrawal could not be processed due to an “Account verification error.” The platform’s representative stated that to complete identity verification and activate my account, I was required to make a mandatory $200 deposit. This deposit was described as: * a “one-time verification deposit,” * required by Curaçao regulations, * necessary due to the casino being “decentralized,” and * fully withdrawable immediately after verification. I questioned this requirement, as legitimate KYC/AML processes do not require users to deposit funds to verify identity. I requested standard compliance information, including: * the casino’s Curaçao license number, * a link to the official regulator registry, * the specific Terms & Conditions section describing this deposit requirement, * clarification on refundability if verification failed. The representative refused to provide any licensing information, refused to cite written policies, and stated they were unable to escalate the issue to compliance or management. They explicitly said that licensing and regulatory matters were outside their scope. Despite this, I was told that the only way to proceed with withdrawal was to make a new, separate deposit of at least $200 in a single payment. This was presented as the only available solution to resolve the withdrawal error. When I declined to send funds and requested escalation, the representative again refused and reiterated that: * No further information could be provided. * No escalation was possible, * and withdrawal would remain blocked unless I deposited additional money. At this point, it became clear that: * withdrawals were being conditioned on repeated deposits, * no verifiable regulatory authority or license could be produced, * no compliance contact or management escalation existed, and * The platform was using vague claims of regulation to pressure for further payment. This behavior matches known advance-fee crypto fraud / fake casino scams, where victims are repeatedly required to send additional funds under the promise that withdrawals will be unlocked, while funds are never released. I ceased interaction and did not send funds. I have retained: * full chat transcripts, * wallet addresses provided by the platform, * screenshots of withdrawal errors, * and written statements from the platform demanding additional deposits",Anonymous,1 hour ago,1,0.00 USD,rUhMRFKho2rrodeihbjpg6iYRrRtK3Fq5S,XRP,,"https://kazewin.io/profile/deposit, https://kazewin.io/profile, https://kazewin.io/, https://kazewin.io/home, https://kazewin.io/profile/withdraw, https://kazewin.io/profile/bonuses, https://kazewin.io/profile/verification, https://kazewin.io/profile/settings, https://kazewin.io/profile/transactions, https://kazewin.io/games, https://kazewin.io/slots, https://kazewin.io/vip, https://kazewin.io/promotions, https://kazewin.io/about, https://kazewin.io/sponsorships, https://kazewin.io/licenses, https://kazewin.io/feedback, https://kazewin.io/news, https://kazewin.io/profile/deposit, https://kazewin.io/profile, https://kazewin.io/, https://kazewin.io/home, https://kazewin.io/profile/withdraw, https://kazewin.io/profile/bonuses, https://kazewin.io/profile/verification, https://kazewin.io/profile/settings, https://kazewin.io/profile/transactions, https://kazewin.io/games, https://kazewin.io/slots, https://kazewin.io/vip, https://kazewin.io/promotions, https://kazewin.io/about, https://kazewin.io/sponsorships, https://kazewin.io/licenses, https://kazewin.io/feedback, https://kazewin.io/news"
960d55ff-6404-43fd-bf37-00123924d217,https://chainabuse.com/report/960d55ff-6404-43fd-bf37-00123924d217?context=browse-chain&chain=ETH,https://chainabuse.com/chain/ETH?page=0,2026-02-10T19:19:44.255289,Fake Return Scams: Secure Your Crypto Investments,"I interacted with an online cryptocurrency casino operating at kazewin.io, which presents itself as a legitimate, decentralized crypto gambling platform allegedly operating under Curaçao Gaming regulations. After creating an account and claiming a ""Sign up Bonus"", I attempted to withdraw my balance. At that point, I was informed that my withdrawal could not be processed due to an “Account verification error.” The platform’s representative stated that to complete identity verification and activate my account, I was required to make a mandatory $200 deposit. This deposit was described as: * a “one-time verification deposit,” * required by Curaçao regulations, * necessary due to the casino being “decentralized,” and * fully withdrawable immediately after verification. I questioned this requirement, as legitimate KYC/AML processes do not require users to deposit funds to verify identity. I requested standard compliance information, including: * the casino’s Curaçao license number, * a link to the official regulator registry, * the specific Terms & Conditions section describing this deposit requirement, * clarification on refundability if verification failed. The representative refused to provide any licensing information, refused to cite written policies, and stated they were unable to escalate the issue to compliance or management. They explicitly said that licensing and regulatory matters were outside their scope. Despite this, I was told that the only way to proceed with withdrawal was to make a new, separate deposit of at least $200 in a single payment. This was presented as the only available solution to resolve the withdrawal error. When I declined to send funds and requested escalation, the representative again refused and reiterated that: * No further information could be provided. * No escalation was possible, * and withdrawal would remain blocked unless I deposited additional money. At this point, it became clear that: * withdrawals were being conditioned on repeated deposits, * no verifiable regulatory authority or license could be produced, * no compliance contact or management escalation existed, and * The platform was using vague claims of regulation to pressure for further payment. This behavior matches known advance-fee crypto fraud / fake casino scams, where victims are repeatedly required to send additional funds under the promise that withdrawals will be unlocked, while funds are never released. I ceased interaction and did not send funds. I have retained: * full chat transcripts, * wallet addresses provided by the platform, * screenshots of withdrawal errors, * and written statements from the platform demanding additional deposits",Anonymous,1 hour ago,1,0.00 USD,bc1qpdn8c0p5nq7wn7uq3cgddurt0w8qtsdv0ulk6m,Bitcoin,,"https://kazewin.io/profile/deposit, https://kazewin.io/profile, https://kazewin.io/, https://kazewin.io/home, https://kazewin.io/profile/withdraw, https://kazewin.io/profile/bonuses, https://kazewin.io/profile/verification, https://kazewin.io/profile/settings, https://kazewin.io/profile/transactions, https://kazewin.io/games, https://kazewin.io/slots, https://kazewin.io/vip, https://kazewin.io/promotions, https://kazewin.io/about, https://kazewin.io/sponsorships, https://kazewin.io/licenses, https://kazewin.io/feedback, https://kazewin.io/news, https://kazewin.io/profile/deposit, https://kazewin.io/profile, https://kazewin.io/, https://kazewin.io/home, https://kazewin.io/profile/withdraw, https://kazewin.io/profile/bonuses, https://kazewin.io/profile/verification, https://kazewin.io/profile/settings, https://kazewin.io/profile/transactions, https://kazewin.io/games, https://kazewin.io/slots, https://kazewin.io/vip, https://kazewin.io/promotions, https://kazewin.io/about, https://kazewin.io/sponsorships, https://kazewin.io/licenses, https://kazewin.io/feedback, https://kazewin.io/news"
960d55ff-6404-43fd-bf37-00123924d217,https://chainabuse.com/report/960d55ff-6404-43fd-bf37-00123924d217?context=browse-chain&chain=ETH,https://chainabuse.com/chain/ETH?page=0,2026-02-10T19:19:44.255289,Fake Return Scams: Secure Your Crypto Investments,"I interacted with an online cryptocurrency casino operating at kazewin.io, which presents itself as a legitimate, decentralized crypto gambling platform allegedly operating under Curaçao Gaming regulations. After creating an account and claiming a ""Sign up Bonus"", I attempted to withdraw my balance. At that point, I was informed that my withdrawal could not be processed due to an “Account verification error.” The platform’s representative stated that to complete identity verification and activate my account, I was required to make a mandatory $200 deposit. This deposit was described as: * a “one-time verification deposit,” * required by Curaçao regulations, * necessary due to the casino being “decentralized,” and * fully withdrawable immediately after verification. I questioned this requirement, as legitimate KYC/AML processes do not require users to deposit funds to verify identity. I requested standard compliance information, including: * the casino’s Curaçao license number, * a link to the official regulator registry, * the specific Terms & Conditions section describing this deposit requirement, * clarification on refundability if verification failed. The representative refused to provide any licensing information, refused to cite written policies, and stated they were unable to escalate the issue to compliance or management. They explicitly said that licensing and regulatory matters were outside their scope. Despite this, I was told that the only way to proceed with withdrawal was to make a new, separate deposit of at least $200 in a single payment. This was presented as the only available solution to resolve the withdrawal error. When I declined to send funds and requested escalation, the representative again refused and reiterated that: * No further information could be provided. * No escalation was possible, * and withdrawal would remain blocked unless I deposited additional money. At this point, it became clear that: * withdrawals were being conditioned on repeated deposits, * no verifiable regulatory authority or license could be produced, * no compliance contact or management escalation existed, and * The platform was using vague claims of regulation to pressure for further payment. This behavior matches known advance-fee crypto fraud / fake casino scams, where victims are repeatedly required to send additional funds under the promise that withdrawals will be unlocked, while funds are never released. I ceased interaction and did not send funds. I have retained: * full chat transcripts, * wallet addresses provided by the platform, * screenshots of withdrawal errors, * and written statements from the platform demanding additional deposits",Anonymous,1 hour ago,1,0.00 USD,0xa08f0483EaeA616EAe7764C9dEA9058581B90DF1,Ethereum,,"https://kazewin.io/profile/deposit, https://kazewin.io/profile, https://kazewin.io/, https://kazewin.io/home, https://kazewin.io/profile/withdraw, https://kazewin.io/profile/bonuses, https://kazewin.io/profile/verification, https://kazewin.io/profile/settings, https://kazewin.io/profile/transactions, https://kazewin.io/games, https://kazewin.io/slots, https://kazewin.io/vip, https://kazewin.io/promotions, https://kazewin.io/about, https://kazewin.io/sponsorships, https://kazewin.io/licenses, https://kazewin.io/feedback, https://kazewin.io/news, https://kazewin.io/profile/deposit, https://kazewin.io/profile, https://kazewin.io/, https://kazewin.io/home, https://kazewin.io/profile/withdraw, https://kazewin.io/profile/bonuses, https://kazewin.io/profile/verification, https://kazewin.io/profile/settings, https://kazewin.io/profile/transactions, https://kazewin.io/games, https://kazewin.io/slots, https://kazewin.io/vip, https://kazewin.io/promotions, https://kazewin.io/about, https://kazewin.io/sponsorships, https://kazewin.io/licenses, https://kazewin.io/feedback, https://kazewin.io/news"
960d55ff-6404-43fd-bf37-00123924d217,https://chainabuse.com/report/960d55ff-6404-43fd-bf37-00123924d217?context=browse-chain&chain=ETH,https://chainabuse.com/chain/ETH?page=0,2026-02-10T19:19:44.255289,Fake Return Scams: Secure Your Crypto Investments,"I interacted with an online cryptocurrency casino operating at kazewin.io, which presents itself as a legitimate, decentralized crypto gambling platform allegedly operating under Curaçao Gaming regulations. After creating an account and claiming a ""Sign up Bonus"", I attempted to withdraw my balance. At that point, I was informed that my withdrawal could not be processed due to an “Account verification error.” The platform’s representative stated that to complete identity verification and activate my account, I was required to make a mandatory $200 deposit. This deposit was described as: * a “one-time verification deposit,” * required by Curaçao regulations, * necessary due to the casino being “decentralized,” and * fully withdrawable immediately after verification. I questioned this requirement, as legitimate KYC/AML processes do not require users to deposit funds to verify identity. I requested standard compliance information, including: * the casino’s Curaçao license number, * a link to the official regulator registry, * the specific Terms & Conditions section describing this deposit requirement, * clarification on refundability if verification failed. The representative refused to provide any licensing information, refused to cite written policies, and stated they were unable to escalate the issue to compliance or management. They explicitly said that licensing and regulatory matters were outside their scope. Despite this, I was told that the only way to proceed with withdrawal was to make a new, separate deposit of at least $200 in a single payment. This was presented as the only available solution to resolve the withdrawal error. When I declined to send funds and requested escalation, the representative again refused and reiterated that: * No further information could be provided. * No escalation was possible, * and withdrawal would remain blocked unless I deposited additional money. At this point, it became clear that: * withdrawals were being conditioned on repeated deposits, * no verifiable regulatory authority or license could be produced, * no compliance contact or management escalation existed, and * The platform was using vague claims of regulation to pressure for further payment. This behavior matches known advance-fee crypto fraud / fake casino scams, where victims are repeatedly required to send additional funds under the promise that withdrawals will be unlocked, while funds are never released. I ceased interaction and did not send funds. I have retained: * full chat transcripts, * wallet addresses provided by the platform, * screenshots of withdrawal errors, * and written statements from the platform demanding additional deposits",Anonymous,1 hour ago,1,0.00 USD,TPqGzovFQEWFsTkPFQ9Gy3wdHNepzkNPwX,Tron,,"https://kazewin.io/profile/deposit, https://kazewin.io/profile, https://kazewin.io/, https://kazewin.io/home, https://kazewin.io/profile/withdraw, https://kazewin.io/profile/bonuses, https://kazewin.io/profile/verification, https://kazewin.io/profile/settings, https://kazewin.io/profile/transactions, https://kazewin.io/games, https://kazewin.io/slots, https://kazewin.io/vip, https://kazewin.io/promotions, https://kazewin.io/about, https://kazewin.io/sponsorships, https://kazewin.io/licenses, https://kazewin.io/feedback, https://kazewin.io/news, https://kazewin.io/profile/deposit, https://kazewin.io/profile, https://kazewin.io/, https://kazewin.io/home, https://kazewin.io/profile/withdraw, https://kazewin.io/profile/bonuses, https://kazewin.io/profile/verification, https://kazewin.io/profile/settings, https://kazewin.io/profile/transactions, https://kazewin.io/games, https://kazewin.io/slots, https://kazewin.io/vip, https://kazewin.io/promotions, https://kazewin.io/about, https://kazewin.io/sponsorships, https://kazewin.io/licenses, https://kazewin.io/feedback, https://kazewin.io/news"
960d55ff-6404-43fd-bf37-00123924d217,https://chainabuse.com/report/960d55ff-6404-43fd-bf37-00123924d217?context=browse-chain&chain=ETH,https://chainabuse.com/chain/ETH?page=0,2026-02-10T19:19:44.255289,Fake Return Scams: Secure Your Crypto Investments,"I interacted with an online cryptocurrency casino operating at kazewin.io, which presents itself as a legitimate, decentralized crypto gambling platform allegedly operating under Curaçao Gaming regulations. After creating an account and claiming a ""Sign up Bonus"", I attempted to withdraw my balance. At that point, I was informed that my withdrawal could not be processed due to an “Account verification error.” The platform’s representative stated that to complete identity verification and activate my account, I was required to make a mandatory $200 deposit. This deposit was described as: * a “one-time verification deposit,” * required by Curaçao regulations, * necessary due to the casino being “decentralized,” and * fully withdrawable immediately after verification. I questioned this requirement, as legitimate KYC/AML processes do not require users to deposit funds to verify identity. I requested standard compliance information, including: * the casino’s Curaçao license number, * a link to the official regulator registry, * the specific Terms & Conditions section describing this deposit requirement, * clarification on refundability if verification failed. The representative refused to provide any licensing information, refused to cite written policies, and stated they were unable to escalate the issue to compliance or management. They explicitly said that licensing and regulatory matters were outside their scope. Despite this, I was told that the only way to proceed with withdrawal was to make a new, separate deposit of at least $200 in a single payment. This was presented as the only available solution to resolve the withdrawal error. When I declined to send funds and requested escalation, the representative again refused and reiterated that: * No further information could be provided. * No escalation was possible, * and withdrawal would remain blocked unless I deposited additional money. At this point, it became clear that: * withdrawals were being conditioned on repeated deposits, * no verifiable regulatory authority or license could be produced, * no compliance contact or management escalation existed, and * The platform was using vague claims of regulation to pressure for further payment. This behavior matches known advance-fee crypto fraud / fake casino scams, where victims are repeatedly required to send additional funds under the promise that withdrawals will be unlocked, while funds are never released. I ceased interaction and did not send funds. I have retained: * full chat transcripts, * wallet addresses provided by the platform, * screenshots of withdrawal errors, * and written statements from the platform demanding additional deposits",Anonymous,1 hour ago,1,0.00 USD,UQB6qVW7StXnLwMpaE6GWC6BlRSNgy5H7bh4QxEhoQrF7bzE,Ton,,"https://kazewin.io/profile/deposit, https://kazewin.io/profile, https://kazewin.io/, https://kazewin.io/home, https://kazewin.io/profile/withdraw, https://kazewin.io/profile/bonuses, https://kazewin.io/profile/verification, https://kazewin.io/profile/settings, https://kazewin.io/profile/transactions, https://kazewin.io/games, https://kazewin.io/slots, https://kazewin.io/vip, https://kazewin.io/promotions, https://kazewin.io/about, https://kazewin.io/sponsorships, https://kazewin.io/licenses, https://kazewin.io/feedback, https://kazewin.io/news, https://kazewin.io/profile/deposit, https://kazewin.io/profile, https://kazewin.io/, https://kazewin.io/home, https://kazewin.io/profile/withdraw, https://kazewin.io/profile/bonuses, https://kazewin.io/profile/verification, https://kazewin.io/profile/settings, https://kazewin.io/profile/transactions, https://kazewin.io/games, https://kazewin.io/slots, https://kazewin.io/vip, https://kazewin.io/promotions, https://kazewin.io/about, https://kazewin.io/sponsorships, https://kazewin.io/licenses, https://kazewin.io/feedback, https://kazewin.io/news"
960d55ff-6404-43fd-bf37-00123924d217,https://chainabuse.com/report/960d55ff-6404-43fd-bf37-00123924d217?context=browse-chain&chain=ETH,https://chainabuse.com/chain/ETH?page=0,2026-02-10T19:19:44.255289,Fake Return Scams: Secure Your Crypto Investments,"I interacted with an online cryptocurrency casino operating at kazewin.io, which presents itself as a legitimate, decentralized crypto gambling platform allegedly operating under Curaçao Gaming regulations. After creating an account and claiming a ""Sign up Bonus"", I attempted to withdraw my balance. At that point, I was informed that my withdrawal could not be processed due to an “Account verification error.” The platform’s representative stated that to complete identity verification and activate my account, I was required to make a mandatory $200 deposit. This deposit was described as: * a “one-time verification deposit,” * required by Curaçao regulations, * necessary due to the casino being “decentralized,” and * fully withdrawable immediately after verification. I questioned this requirement, as legitimate KYC/AML processes do not require users to deposit funds to verify identity. I requested standard compliance information, including: * the casino’s Curaçao license number, * a link to the official regulator registry, * the specific Terms & Conditions section describing this deposit requirement, * clarification on refundability if verification failed. The representative refused to provide any licensing information, refused to cite written policies, and stated they were unable to escalate the issue to compliance or management. They explicitly said that licensing and regulatory matters were outside their scope. Despite this, I was told that the only way to proceed with withdrawal was to make a new, separate deposit of at least $200 in a single payment. This was presented as the only available solution to resolve the withdrawal error. When I declined to send funds and requested escalation, the representative again refused and reiterated that: * No further information could be provided. * No escalation was possible, * and withdrawal would remain blocked unless I deposited additional money. At this point, it became clear that: * withdrawals were being conditioned on repeated deposits, * no verifiable regulatory authority or license could be produced, * no compliance contact or management escalation existed, and * The platform was using vague claims of regulation to pressure for further payment. This behavior matches known advance-fee crypto fraud / fake casino scams, where victims are repeatedly required to send additional funds under the promise that withdrawals will be unlocked, while funds are never released. I ceased interaction and did not send funds. I have retained: * full chat transcripts, * wallet addresses provided by the platform, * screenshots of withdrawal errors, * and written statements from the platform demanding additional deposits",Anonymous,1 hour ago,1,0.00 USD,EYqiJDm8Em5Nsp89ehk1PiMnA6qLcFuoovEe98r2JaYc,Solana,,"https://kazewin.io/profile/deposit, https://kazewin.io/profile, https://kazewin.io/, https://kazewin.io/home, https://kazewin.io/profile/withdraw, https://kazewin.io/profile/bonuses, https://kazewin.io/profile/verification, https://kazewin.io/profile/settings, https://kazewin.io/profile/transactions, https://kazewin.io/games, https://kazewin.io/slots, https://kazewin.io/vip, https://kazewin.io/promotions, https://kazewin.io/about, https://kazewin.io/sponsorships, https://kazewin.io/licenses, https://kazewin.io/feedback, https://kazewin.io/news, https://kazewin.io/profile/deposit, https://kazewin.io/profile, https://kazewin.io/, https://kazewin.io/home, https://kazewin.io/profile/withdraw, https://kazewin.io/profile/bonuses, https://kazewin.io/profile/verification, https://kazewin.io/profile/settings, https://kazewin.io/profile/transactions, https://kazewin.io/games, https://kazewin.io/slots, https://kazewin.io/vip, https://kazewin.io/promotions, https://kazewin.io/about, https://kazewin.io/sponsorships, https://kazewin.io/licenses, https://kazewin.io/feedback, https://kazewin.io/news"
960d55ff-6404-43fd-bf37-00123924d217,https://chainabuse.com/report/960d55ff-6404-43fd-bf37-00123924d217?context=browse-chain&chain=ETH,https://chainabuse.com/chain/ETH?page=0,2026-02-10T19:19:44.255289,Fake Return Scams: Secure Your Crypto Investments,"I interacted with an online cryptocurrency casino operating at kazewin.io, which presents itself as a legitimate, decentralized crypto gambling platform allegedly operating under Curaçao Gaming regulations. After creating an account and claiming a ""Sign up Bonus"", I attempted to withdraw my balance. At that point, I was informed that my withdrawal could not be processed due to an “Account verification error.” The platform’s representative stated that to complete identity verification and activate my account, I was required to make a mandatory $200 deposit. This deposit was described as: * a “one-time verification deposit,” * required by Curaçao regulations, * necessary due to the casino being “decentralized,” and * fully withdrawable immediately after verification. I questioned this requirement, as legitimate KYC/AML processes do not require users to deposit funds to verify identity. I requested standard compliance information, including: * the casino’s Curaçao license number, * a link to the official regulator registry, * the specific Terms & Conditions section describing this deposit requirement, * clarification on refundability if verification failed. The representative refused to provide any licensing information, refused to cite written policies, and stated they were unable to escalate the issue to compliance or management. They explicitly said that licensing and regulatory matters were outside their scope. Despite this, I was told that the only way to proceed with withdrawal was to make a new, separate deposit of at least $200 in a single payment. This was presented as the only available solution to resolve the withdrawal error. When I declined to send funds and requested escalation, the representative again refused and reiterated that: * No further information could be provided. * No escalation was possible, * and withdrawal would remain blocked unless I deposited additional money. At this point, it became clear that: * withdrawals were being conditioned on repeated deposits, * no verifiable regulatory authority or license could be produced, * no compliance contact or management escalation existed, and * The platform was using vague claims of regulation to pressure for further payment. This behavior matches known advance-fee crypto fraud / fake casino scams, where victims are repeatedly required to send additional funds under the promise that withdrawals will be unlocked, while funds are never released. I ceased interaction and did not send funds. I have retained: * full chat transcripts, * wallet addresses provided by the platform, * screenshots of withdrawal errors, * and written statements from the platform demanding additional deposits",Anonymous,1 hour ago,1,0.00 USD,rUhMRFKho2rrodeihbjpg6iYRrRtK3Fq5S,XRP,,"https://kazewin.io/profile/deposit, https://kazewin.io/profile, https://kazewin.io/, https://kazewin.io/home, https://kazewin.io/profile/withdraw, https://kazewin.io/profile/bonuses, https://kazewin.io/profile/verification, https://kazewin.io/profile/settings, https://kazewin.io/profile/transactions, https://kazewin.io/games, https://kazewin.io/slots, https://kazewin.io/vip, https://kazewin.io/promotions, https://kazewin.io/about, https://kazewin.io/sponsorships, https://kazewin.io/licenses, https://kazewin.io/feedback, https://kazewin.io/news, https://kazewin.io/profile/deposit, https://kazewin.io/profile, https://kazewin.io/, https://kazewin.io/home, https://kazewin.io/profile/withdraw, https://kazewin.io/profile/bonuses, https://kazewin.io/profile/verification, https://kazewin.io/profile/settings, https://kazewin.io/profile/transactions, https://kazewin.io/games, https://kazewin.io/slots, https://kazewin.io/vip, https://kazewin.io/promotions, https://kazewin.io/about, https://kazewin.io/sponsorships, https://kazewin.io/licenses, https://kazewin.io/feedback, https://kazewin.io/news"
e037d081-2a0e-4abc-ad79-e607f40cf45e,https://chainabuse.com/report/e037d081-2a0e-4abc-ad79-e607f40cf45e?context=browse-chain&chain=ETH,https://chainabuse.com/chain/ETH?page=0,2026-02-10T19:19:47.905739,Report Miscellaneous Crypto Scams with Chainabuse: Money laundering,"During our mandatory transaction monitoring procedure, our security system has detected suspicious activity on your wallet: 0xd0030D2bfDf19ed38AeEfB4fC84C5a68d2D508D7 This activity raises legitimate concerns regarding potential violations of anti-money laundering (AML) legislation and regulations on countering the financing of terrorism.",Anonymous,5 hours ago,1,284370.16 USD,0xd0030D2bfDf19ed38AeEfB4fC84C5a68d2D508D7,Ethereum,,
c9131f56-205f-4c64-9a4d-76fa1a37eea9,https://chainabuse.com/report/c9131f56-205f-4c64-9a4d-76fa1a37eea9?context=browse-chain&chain=ETH,https://chainabuse.com/chain/ETH?page=0,2026-02-10T19:19:51.550184,Impersonation Scams: Protect Yourself on Chainabuse,"I joined a whatsapp trading group in September 2025, which was advertised on instagram. The group consisted of around 50 people and the facilitators were Scott Yuschak and Mia Parker from Truist Wealth. Some of the group were members of this Truist group initiative and new people were allowed to participate for a short while until we decided whether we wanted to be members. They provided market analysis and stock tips, which we all executed on our own trading platforms. Everything went quite well until there was a trade on POM on December 10 that was shorted by institutional investors and dropped dramatically during premarket hours. I lost $7000 and other members lost a lot more. This loss was explained by Yuschak that someone from the group had leaked information. After that they came up with the plan of partnering up with Vanguard Wealth Capital Advisors who would provide a trading platform to use and institutional accounts for everyone. I was informed that I had to send deposits in to my account via crypto because I am a US citizen living in Finland. I thought this was weird, but they were very good about explaining compliance reasons for US expats. A lot of people signed up to open an account on this new platform and Yuschak and his assistant Mia Parker provided intraday signals, which all made 20-30% profit. They set out a 300% profit plan to reach from mid-December to end of January. I checked all of these trades also on Tradingview and they were all at the same price points. So their ability to forecast these trades was really good and that was what made me believe in this. In the beginning of January they informed us about an IPO opportunity with HWEP and most of us tried to participate. A lot of people put in funds of hundreds of thousands, although I cannot say for sure who was real and who was not.  The company never listed after we had subscribed and they ended up releasing all of our funds for other trading. After that another IPO opportunity with YSS came up and because the trading signals had been very successful I thought it would be a good opportunity. They said the trading platform had a lottery to select those who could participate and I got a subscription right. At the end of January I was told that a new profit plan of 800% would be started, but that the minimum participation would be 50 000$ and we had to apply. I told them that I did not have this amount but that I would like to participate if possible. I never received a response in relation to that and then I told Mia Parker that I wanted to withdraw some of my money from my trading account, but that I had not received a response from the customer success manager from Vanguard Anna. Anna then proceeded to respond to me and told me that I had to pay a 15% commission in USDT in order to get my funds released. I tried to ask them to just take the commission from my trading account funds, but was told that they were frozen due to commission calculation and I had to pay the sum separately to get my funds released. I have not paid them. They are holding my funds and have demanded additional payment in crypto as a condition for withdrawal and threated permanent suspension of my account if I do not pay them as of 9.2.2026.",Anonymous,5 hours ago,1,20000.00 USD,0xAd2d09a1051a3c681BA4Ad5BF3DF283E43cB697e,Ethereum,,"https://vgtrade.online, https://ex.vtmarket.top, https://vgtrade.online, https://ex.vtmarket.top"
c9131f56-205f-4c64-9a4d-76fa1a37eea9,https://chainabuse.com/report/c9131f56-205f-4c64-9a4d-76fa1a37eea9?context=browse-chain&chain=ETH,https://chainabuse.com/chain/ETH?page=0,2026-02-10T19:19:51.550184,Impersonation Scams: Protect Yourself on Chainabuse,"I joined a whatsapp trading group in September 2025, which was advertised on instagram. The group consisted of around 50 people and the facilitators were Scott Yuschak and Mia Parker from Truist Wealth. Some of the group were members of this Truist group initiative and new people were allowed to participate for a short while until we decided whether we wanted to be members. They provided market analysis and stock tips, which we all executed on our own trading platforms. Everything went quite well until there was a trade on POM on December 10 that was shorted by institutional investors and dropped dramatically during premarket hours. I lost $7000 and other members lost a lot more. This loss was explained by Yuschak that someone from the group had leaked information. After that they came up with the plan of partnering up with Vanguard Wealth Capital Advisors who would provide a trading platform to use and institutional accounts for everyone. I was informed that I had to send deposits in to my account via crypto because I am a US citizen living in Finland. I thought this was weird, but they were very good about explaining compliance reasons for US expats. A lot of people signed up to open an account on this new platform and Yuschak and his assistant Mia Parker provided intraday signals, which all made 20-30% profit. They set out a 300% profit plan to reach from mid-December to end of January. I checked all of these trades also on Tradingview and they were all at the same price points. So their ability to forecast these trades was really good and that was what made me believe in this. In the beginning of January they informed us about an IPO opportunity with HWEP and most of us tried to participate. A lot of people put in funds of hundreds of thousands, although I cannot say for sure who was real and who was not.  The company never listed after we had subscribed and they ended up releasing all of our funds for other trading. After that another IPO opportunity with YSS came up and because the trading signals had been very successful I thought it would be a good opportunity. They said the trading platform had a lottery to select those who could participate and I got a subscription right. At the end of January I was told that a new profit plan of 800% would be started, but that the minimum participation would be 50 000$ and we had to apply. I told them that I did not have this amount but that I would like to participate if possible. I never received a response in relation to that and then I told Mia Parker that I wanted to withdraw some of my money from my trading account, but that I had not received a response from the customer success manager from Vanguard Anna. Anna then proceeded to respond to me and told me that I had to pay a 15% commission in USDT in order to get my funds released. I tried to ask them to just take the commission from my trading account funds, but was told that they were frozen due to commission calculation and I had to pay the sum separately to get my funds released. I have not paid them. They are holding my funds and have demanded additional payment in crypto as a condition for withdrawal and threated permanent suspension of my account if I do not pay them as of 9.2.2026.",Anonymous,5 hours ago,1,20000.00 USD,0x412d33c10bad61d8b7b007df6df2c819655c5757,Ethereum,,"https://vgtrade.online, https://ex.vtmarket.top, https://vgtrade.online, https://ex.vtmarket.top"
c9131f56-205f-4c64-9a4d-76fa1a37eea9,https://chainabuse.com/report/c9131f56-205f-4c64-9a4d-76fa1a37eea9?context=browse-chain&chain=ETH,https://chainabuse.com/chain/ETH?page=0,2026-02-10T19:19:51.550184,Impersonation Scams: Protect Yourself on Chainabuse,"I joined a whatsapp trading group in September 2025, which was advertised on instagram. The group consisted of around 50 people and the facilitators were Scott Yuschak and Mia Parker from Truist Wealth. Some of the group were members of this Truist group initiative and new people were allowed to participate for a short while until we decided whether we wanted to be members. They provided market analysis and stock tips, which we all executed on our own trading platforms. Everything went quite well until there was a trade on POM on December 10 that was shorted by institutional investors and dropped dramatically during premarket hours. I lost $7000 and other members lost a lot more. This loss was explained by Yuschak that someone from the group had leaked information. After that they came up with the plan of partnering up with Vanguard Wealth Capital Advisors who would provide a trading platform to use and institutional accounts for everyone. I was informed that I had to send deposits in to my account via crypto because I am a US citizen living in Finland. I thought this was weird, but they were very good about explaining compliance reasons for US expats. A lot of people signed up to open an account on this new platform and Yuschak and his assistant Mia Parker provided intraday signals, which all made 20-30% profit. They set out a 300% profit plan to reach from mid-December to end of January. I checked all of these trades also on Tradingview and they were all at the same price points. So their ability to forecast these trades was really good and that was what made me believe in this. In the beginning of January they informed us about an IPO opportunity with HWEP and most of us tried to participate. A lot of people put in funds of hundreds of thousands, although I cannot say for sure who was real and who was not.  The company never listed after we had subscribed and they ended up releasing all of our funds for other trading. After that another IPO opportunity with YSS came up and because the trading signals had been very successful I thought it would be a good opportunity. They said the trading platform had a lottery to select those who could participate and I got a subscription right. At the end of January I was told that a new profit plan of 800% would be started, but that the minimum participation would be 50 000$ and we had to apply. I told them that I did not have this amount but that I would like to participate if possible. I never received a response in relation to that and then I told Mia Parker that I wanted to withdraw some of my money from my trading account, but that I had not received a response from the customer success manager from Vanguard Anna. Anna then proceeded to respond to me and told me that I had to pay a 15% commission in USDT in order to get my funds released. I tried to ask them to just take the commission from my trading account funds, but was told that they were frozen due to commission calculation and I had to pay the sum separately to get my funds released. I have not paid them. They are holding my funds and have demanded additional payment in crypto as a condition for withdrawal and threated permanent suspension of my account if I do not pay them as of 9.2.2026.",Anonymous,5 hours ago,1,20000.00 USD,0xAd2d09a1051a3c681BA4Ad5BF3DF283E43cB697e,Ethereum,,"https://vgtrade.online, https://ex.vtmarket.top, https://vgtrade.online, https://ex.vtmarket.top"
c9131f56-205f-4c64-9a4d-76fa1a37eea9,https://chainabuse.com/report/c9131f56-205f-4c64-9a4d-76fa1a37eea9?context=browse-chain&chain=ETH,https://chainabuse.com/chain/ETH?page=0,2026-02-10T19:19:51.550184,Impersonation Scams: Protect Yourself on Chainabuse,"I joined a whatsapp trading group in September 2025, which was advertised on instagram. The group consisted of around 50 people and the facilitators were Scott Yuschak and Mia Parker from Truist Wealth. Some of the group were members of this Truist group initiative and new people were allowed to participate for a short while until we decided whether we wanted to be members. They provided market analysis and stock tips, which we all executed on our own trading platforms. Everything went quite well until there was a trade on POM on December 10 that was shorted by institutional investors and dropped dramatically during premarket hours. I lost $7000 and other members lost a lot more. This loss was explained by Yuschak that someone from the group had leaked information. After that they came up with the plan of partnering up with Vanguard Wealth Capital Advisors who would provide a trading platform to use and institutional accounts for everyone. I was informed that I had to send deposits in to my account via crypto because I am a US citizen living in Finland. I thought this was weird, but they were very good about explaining compliance reasons for US expats. A lot of people signed up to open an account on this new platform and Yuschak and his assistant Mia Parker provided intraday signals, which all made 20-30% profit. They set out a 300% profit plan to reach from mid-December to end of January. I checked all of these trades also on Tradingview and they were all at the same price points. So their ability to forecast these trades was really good and that was what made me believe in this. In the beginning of January they informed us about an IPO opportunity with HWEP and most of us tried to participate. A lot of people put in funds of hundreds of thousands, although I cannot say for sure who was real and who was not.  The company never listed after we had subscribed and they ended up releasing all of our funds for other trading. After that another IPO opportunity with YSS came up and because the trading signals had been very successful I thought it would be a good opportunity. They said the trading platform had a lottery to select those who could participate and I got a subscription right. At the end of January I was told that a new profit plan of 800% would be started, but that the minimum participation would be 50 000$ and we had to apply. I told them that I did not have this amount but that I would like to participate if possible. I never received a response in relation to that and then I told Mia Parker that I wanted to withdraw some of my money from my trading account, but that I had not received a response from the customer success manager from Vanguard Anna. Anna then proceeded to respond to me and told me that I had to pay a 15% commission in USDT in order to get my funds released. I tried to ask them to just take the commission from my trading account funds, but was told that they were frozen due to commission calculation and I had to pay the sum separately to get my funds released. I have not paid them. They are holding my funds and have demanded additional payment in crypto as a condition for withdrawal and threated permanent suspension of my account if I do not pay them as of 9.2.2026.",Anonymous,5 hours ago,1,20000.00 USD,0x412d33c10bad61d8b7b007df6df2c819655c5757,Ethereum,,"https://vgtrade.online, https://ex.vtmarket.top, https://vgtrade.online, https://ex.vtmarket.top"
e484735c-a8f4-4052-877d-93cb06045085,https://chainabuse.com/report/e484735c-a8f4-4052-877d-93cb06045085?context=browse-chain&chain=ETH,https://chainabuse.com/chain/ETH?page=0,2026-02-10T19:19:55.163484,Airdrop Scams: Report and Learn on Chainabuse,Used a fake metamask popup with a fake software upgrade requiring an account recovery after the software upgrade,Anonymous,6 hours ago,1,357.00 USD,0x8AfD4783292b149d48DfEe8830080753Cbd7b190,Ethereum,,https://nft.nbatop.net/
1c7e46a1-e2ed-46fc-9f56-ca7a71c171d4,https://chainabuse.com/report/1c7e46a1-e2ed-46fc-9f56-ca7a71c171d4?context=browse-chain&chain=ETH,https://chainabuse.com/chain/ETH?page=0,2026-02-10T19:19:58.809228,Job Scam: Learn and Report on Chainabuse,"Just a person trying to scam me but didn't succeed, they operate as a job opportunity making it seem like you are doing affiliate marketing but it's just a scam. I am sending screenshots and website and crypto wallet",Anonymous,7 hours ago,1,0.00 USD,0x2856A1050E8b6dc8f10271A8Cf2d3F33A7666942,Ethereum,,https://task.nlglsport.com/#/
15110873-275c-4fcf-98ff-f8c8d368c4d9,https://chainabuse.com/report/15110873-275c-4fcf-98ff-f8c8d368c4d9?context=browse-chain&chain=ETH,https://chainabuse.com/chain/ETH?page=0,2026-02-10T19:20:02.433750,Fake Crypto Projects: Spot and Report Scams,Was introduced to an Agent called Vidya who guided me to the trading platform where the binary trading was to be done. She said she and her partner have been trading for many years and they have a good success rate and wanted to help the community. I started out with 20k USD and then was convinced to invest more so invested to 80. Then was asked to pay taxes 13500 and then the customer service came back that there is some risk associated with my account and they asked me to pay 32500. After paying all the tax and the risk deposit i have not been able to withdraw any money. The customer service stopped responding from December of 2025.,Anonymous,9 hours ago,1,,bc1ps3xhem40a5rw4x8jtgdc79hsm83ug3ctx2fm87hkpxen0lg3w2gq9mh7qt,Bitcoin,,"cryptoweb3.life, cryptoweb3.vip"
15110873-275c-4fcf-98ff-f8c8d368c4d9,https://chainabuse.com/report/15110873-275c-4fcf-98ff-f8c8d368c4d9?context=browse-chain&chain=ETH,https://chainabuse.com/chain/ETH?page=0,2026-02-10T19:20:02.433750,Fake Crypto Projects: Spot and Report Scams,Was introduced to an Agent called Vidya who guided me to the trading platform where the binary trading was to be done. She said she and her partner have been trading for many years and they have a good success rate and wanted to help the community. I started out with 20k USD and then was convinced to invest more so invested to 80. Then was asked to pay taxes 13500 and then the customer service came back that there is some risk associated with my account and they asked me to pay 32500. After paying all the tax and the risk deposit i have not been able to withdraw any money. The customer service stopped responding from December of 2025.,Anonymous,9 hours ago,1,,0x517f5Be7aD7DE66AD96bf3D84e1A556a9C8862EA,Ethereum,,"cryptoweb3.life, cryptoweb3.vip"
15110873-275c-4fcf-98ff-f8c8d368c4d9,https://chainabuse.com/report/15110873-275c-4fcf-98ff-f8c8d368c4d9?context=browse-chain&chain=ETH,https://chainabuse.com/chain/ETH?page=0,2026-02-10T19:20:02.433750,Fake Crypto Projects: Spot and Report Scams,Was introduced to an Agent called Vidya who guided me to the trading platform where the binary trading was to be done. She said she and her partner have been trading for many years and they have a good success rate and wanted to help the community. I started out with 20k USD and then was convinced to invest more so invested to 80. Then was asked to pay taxes 13500 and then the customer service came back that there is some risk associated with my account and they asked me to pay 32500. After paying all the tax and the risk deposit i have not been able to withdraw any money. The customer service stopped responding from December of 2025.,Anonymous,9 hours ago,1,,0xdAC17F958D2ee523a2206206994597C13D831ec7,Ethereum,,"cryptoweb3.life, cryptoweb3.vip"
15110873-275c-4fcf-98ff-f8c8d368c4d9,https://chainabuse.com/report/15110873-275c-4fcf-98ff-f8c8d368c4d9?context=browse-chain&chain=ETH,https://chainabuse.com/chain/ETH?page=0,2026-02-10T19:20:02.433750,Fake Crypto Projects: Spot and Report Scams,Was introduced to an Agent called Vidya who guided me to the trading platform where the binary trading was to be done. She said she and her partner have been trading for many years and they have a good success rate and wanted to help the community. I started out with 20k USD and then was convinced to invest more so invested to 80. Then was asked to pay taxes 13500 and then the customer service came back that there is some risk associated with my account and they asked me to pay 32500. After paying all the tax and the risk deposit i have not been able to withdraw any money. The customer service stopped responding from December of 2025.,Anonymous,9 hours ago,1,,bc1p07s7qkzpnehlayrwn9vc3zntj7prf9cwps4yjpvtk7wgln6dn70s2r5rus,Bitcoin,,"cryptoweb3.life, cryptoweb3.vip"
15110873-275c-4fcf-98ff-f8c8d368c4d9,https://chainabuse.com/report/15110873-275c-4fcf-98ff-f8c8d368c4d9?context=browse-chain&chain=ETH,https://chainabuse.com/chain/ETH?page=0,2026-02-10T19:20:02.433750,Fake Crypto Projects: Spot and Report Scams,Was introduced to an Agent called Vidya who guided me to the trading platform where the binary trading was to be done. She said she and her partner have been trading for many years and they have a good success rate and wanted to help the community. I started out with 20k USD and then was convinced to invest more so invested to 80. Then was asked to pay taxes 13500 and then the customer service came back that there is some risk associated with my account and they asked me to pay 32500. After paying all the tax and the risk deposit i have not been able to withdraw any money. The customer service stopped responding from December of 2025.,Anonymous,9 hours ago,1,,0xc061775E78d67256e21362accE1921E0A087438F,Ethereum,,"cryptoweb3.life, cryptoweb3.vip"
6d1121c7-2434-46f6-9afe-48d20f8ce1e1,https://chainabuse.com/report/6d1121c7-2434-46f6-9afe-48d20f8ce1e1?context=browse-chain&chain=ETH,https://chainabuse.com/chain/ETH?page=0,2026-02-10T19:20:06.111576,Crypto Hacks: Report and Stay Safe with Chainabuse,Case related to theft (scam),Anonymous,12 hours ago,1,250000.00 USD,TJibekGFFJdYsKG4SNXzUYfWxW1waFFZq4,Tron,,
6d1121c7-2434-46f6-9afe-48d20f8ce1e1,https://chainabuse.com/report/6d1121c7-2434-46f6-9afe-48d20f8ce1e1?context=browse-chain&chain=ETH,https://chainabuse.com/chain/ETH?page=0,2026-02-10T19:20:06.111576,Crypto Hacks: Report and Stay Safe with Chainabuse,Case related to theft (scam),Anonymous,12 hours ago,1,250000.00 USD,0xFf71B459F502f3C0baA41a5507816E6C7Afa76c2,Ethereum,,
71f6c81a-ae4e-4acb-b6db-b93ce5f8aeed,https://chainabuse.com/report/71f6c81a-ae4e-4acb-b6db-b93ce5f8aeed?context=browse-chain&chain=ETH,https://chainabuse.com/chain/ETH?page=0,2026-02-10T19:20:09.740023,Ransomware Attacks: Report and Fight Back with Chainabuse,"On January 22, 2026, I met a woman through the Litmach app. After communicating on that platform, we continued our conversation on WhatsApp. On January 24, 2026, she taught me about crypto mining on the website web3.eth-defi.world. I spent about 10 days mining on that website. On February 3, 2026, the website offered me the opportunity to win an airdrop prize of 6.81 ETH coins. The requirement was that my balance of 1,701 USDT must reach 3,801 USDT by February 10, 2026. After hearing the requirements, I immediately contacted my previous female acquaintance. She suggested asking the website's customer service. Finally, I decided to ask the website's customer service, ""Are there any additional requirements after I complete this airdrop task?"" The website's customer service replied, ""If you complete the airdrop task, you can withdraw the prize and all my assets on the website.""  Upon hearing this, on February 5, 2026, I immediately completed the website's airdrop task and claimed the prize. However, I wanted to withdraw my assets, but the withdrawal failed. I then contacted the website's customer service representative. They told me, ""You must top up your wallet with 6,100 USDT to verify your ownership before February 14, 2026, or your assets will be locked in the blockchain."" I immediately felt cheated and disadvantaged. The website had never mentioned these additional requirements before. I then asked my female acquaintance again, and she said, ""Just follow the website's instructions and my assets will be returned."" Remembering the previous incident, I decided not to follow the website's instructions because there was no guarantee they wouldn't renege on their agreement again.",Anonymous,15 hours ago,1,3748.00 USD,0x30f48b41ee02307b8304409edd0aaa4d7776a437,Ethereum,,https://web3.eth-defi.world/
c8eae4ed-8518-4c6f-b7b2-57d7c8e4cce6,https://chainabuse.com/report/c8eae4ed-8518-4c6f-b7b2-57d7c8e4cce6?context=browse-chain&chain=ETH,https://chainabuse.com/chain/ETH?page=0,2026-02-10T19:20:13.377577,Contract Exploit Scams: Stay Alert with Chainabuse,"A friend's wallet has been hacked because he used Aperture Finance, which has been hacked.",Anonymous,22 hours ago,1,4388.21 USD,0x73cecb19032004be3311b1d76c2e3bcbe39279f0,Ethereum,,
4d672492-74c1-453f-9af4-56a78d64d84c,https://chainabuse.com/report/4d672492-74c1-453f-9af4-56a78d64d84c?context=browse-chain&chain=ETH,https://chainabuse.com/chain/ETH?page=0,2026-02-10T19:20:16.990926,Fake Crypto Projects: Spot and Report Scams,"This report involves a commercial payment dispute. On-chain payment was made to the addresses listed above for a commercial agreement. The recipient explicitly accepted receiving USDTz prior to the transaction. Despite receiving the funds, the recipient failed to deliver the agreed service/payment. The payment was split across two addresses, which appear to be controlled by the same counterparty. Transactions involved: - 0x7f79c56da35c8a893a2cdff2810c226bfcc254886a6dbf58c2e6d933732e6674 - 0xcfa0b31d2660dfd2dacb90a700d8d3aa549eda925cfd272a6b994262293d834e Total amount involved: approximately 150,000 USDTz on BSC. This constitutes acceptance of payment followed by non-delivery.",Anonymous,1 day ago,1,3300.00 USD,0xdac58a9Ef8c898A23b749b312B8538c2B76d208f,Ethereum,,
4d672492-74c1-453f-9af4-56a78d64d84c,https://chainabuse.com/report/4d672492-74c1-453f-9af4-56a78d64d84c?context=browse-chain&chain=ETH,https://chainabuse.com/chain/ETH?page=0,2026-02-10T19:20:16.990926,Fake Crypto Projects: Spot and Report Scams,"This report involves a commercial payment dispute. On-chain payment was made to the addresses listed above for a commercial agreement. The recipient explicitly accepted receiving USDTz prior to the transaction. Despite receiving the funds, the recipient failed to deliver the agreed service/payment. The payment was split across two addresses, which appear to be controlled by the same counterparty. Transactions involved: - 0x7f79c56da35c8a893a2cdff2810c226bfcc254886a6dbf58c2e6d933732e6674 - 0xcfa0b31d2660dfd2dacb90a700d8d3aa549eda925cfd272a6b994262293d834e Total amount involved: approximately 150,000 USDTz on BSC. This constitutes acceptance of payment followed by non-delivery.",Anonymous,1 day ago,1,3300.00 USD,0xdE7D9D94216e53cddBA47ee5e581220B3d0da631,Ethereum,,
cbe74d21-d6ff-4fc2-bdcd-36e7a7e449c6,https://chainabuse.com/report/cbe74d21-d6ff-4fc2-bdcd-36e7a7e449c6?context=browse-chain&chain=ETH,https://chainabuse.com/chain/ETH?page=4,2026-02-10T19:19:35.463990,Report Miscellaneous Crypto Scams with Chainabuse: Rug pull and phishing,"I am an economic auditor. I ran a simulation on the Succinct unlock schedule and found a 'Kill Zone' where Validator ROI becomes negative (Hardware Cost > Rewards).
​When I submitted this data via their official Discord ticket to help them fix it, the 'Moderator' (Cool HATitude) attempted to phish me by demanding a 'Wallet Validation' signature to view 'hidden parameters.'
​The Technical Reality: There are no 'hidden parameters' on EVM chains. This was a social engineering attempt to silence the audit. The verdict: The project​ is facing an economic dead-end and is hostile to auditors. Exercise extreme caution",Anonymous,6 days ago,1,,0x6bef15d938d4e72056ac92ea4bdd0d76b1c4ad29,Ethereum,,https://www.succinct.xyz/
386285c7-ba63-45e3-b633-dc393c586718,https://chainabuse.com/report/386285c7-ba63-45e3-b633-dc393c586718?context=browse-chain&chain=ETH,https://chainabuse.com/chain/ETH?page=4,2026-02-10T19:19:39.155456,Fake Return Scams: Secure Your Crypto Investments,"They approached me, pretending to be a FINMA employee with a Swiss ID, and showed me various false documents while transferring 10 ETH. They were a group of at least four people. I reported this to the police and FINMA.",Anonymous,6 days ago,1,40000.00 USD,0x23580a73B2031f4699D67F68ECa94026cff73D01,Ethereum,,k.miya@vexatrade.email
386285c7-ba63-45e3-b633-dc393c586718,https://chainabuse.com/report/386285c7-ba63-45e3-b633-dc393c586718?context=browse-chain&chain=ETH,https://chainabuse.com/chain/ETH?page=4,2026-02-10T19:19:39.155456,Fake Return Scams: Secure Your Crypto Investments,"They approached me, pretending to be a FINMA employee with a Swiss ID, and showed me various false documents while transferring 10 ETH. They were a group of at least four people. I reported this to the police and FINMA.",Anonymous,6 days ago,1,40000.00 USD,0x5839ce5AFe39B6DBD2bf0f267605BEE2B01a25c9,Ethereum,,k.miya@vexatrade.email
386285c7-ba63-45e3-b633-dc393c586718,https://chainabuse.com/report/386285c7-ba63-45e3-b633-dc393c586718?context=browse-chain&chain=ETH,https://chainabuse.com/chain/ETH?page=4,2026-02-10T19:19:39.155456,Fake Return Scams: Secure Your Crypto Investments,"They approached me, pretending to be a FINMA employee with a Swiss ID, and showed me various false documents while transferring 10 ETH. They were a group of at least four people. I reported this to the police and FINMA.",Anonymous,6 days ago,1,40000.00 USD,0x54475B0BD9A4d355b74E2a9Da97F702b9A213E51,Ethereum,,k.miya@vexatrade.email
386285c7-ba63-45e3-b633-dc393c586718,https://chainabuse.com/report/386285c7-ba63-45e3-b633-dc393c586718?context=browse-chain&chain=ETH,https://chainabuse.com/chain/ETH?page=4,2026-02-10T19:19:39.155456,Fake Return Scams: Secure Your Crypto Investments,"They approached me, pretending to be a FINMA employee with a Swiss ID, and showed me various false documents while transferring 10 ETH. They were a group of at least four people. I reported this to the police and FINMA.",Anonymous,6 days ago,1,40000.00 USD,0x2054E05495C2d5016476C0c4f591be07ebdF0a89,Ethereum,,k.miya@vexatrade.email
4d5f2226-08b4-488c-b094-bb1b7a889bf2,https://chainabuse.com/report/4d5f2226-08b4-488c-b094-bb1b7a889bf2?context=browse-chain&chain=ETH,https://chainabuse.com/chain/ETH?page=4,2026-02-10T19:19:43.035657,Report Miscellaneous Crypto Scams with Chainabuse: Crypto Investment Scam,"Incident Type: Cryptocurrency Investment / DeFi Scam Description: I am reporting a cryptocurrency fraud involving a fake DeFi application operating under the name Cryptoweb3 / cryptoweb3.life. I have been approached by my very close friend and she talked about smart contract trading and there is a guy (Ronald Williams her to be life partner) who is going help with signals. This started somewhere around the month of early March 2025. As I report this date 03-Feb-2026, still no signs of withdrawal. The withdrawals request is kept as pending review since last few months. She met this guy on a dating app and she met him once. This guy told her he built an algorithm and he monitors the market for buy and sell contracts. She sent me a referral url for a dApp - cryptoweb3.life and app installed on crypto OnChain. I was instructed to connect my on-chain wallet via a Web3 browser and deposit funds to participate in a smart contract investment. The guy is still in touch. After depositing, the platform blocked withdrawals and claimed my account was under “risk review.” I was later asked to pay additional fees labeled as “tax,” “risk resolution,” and “withdrawal processing.” Despite complying, no withdrawal was ever processed. On-chain analysis shows funds were sent to externally owned wallet addresses that exhibit aggregation and laundering behavior consistent with crypto fraud. I believe this operation is ongoing and may affect other victims. I request investigation and coordination with exchanges for potential asset freezing. I hope the group is tracked and brought to justice as the person is still active with my known friend, as of this writing.",Anonymous,6 days ago,1,193197.00 USD,bc1ps3xhem40a5rw4x8jtgdc79hsm83ug3ctx2fm87hkpxen0lg3w2gq9mh7qt,Bitcoin,,"cryptoweb3.life, cryptoweb3.vip"
4d5f2226-08b4-488c-b094-bb1b7a889bf2,https://chainabuse.com/report/4d5f2226-08b4-488c-b094-bb1b7a889bf2?context=browse-chain&chain=ETH,https://chainabuse.com/chain/ETH?page=4,2026-02-10T19:19:43.035657,Report Miscellaneous Crypto Scams with Chainabuse: Crypto Investment Scam,"Incident Type: Cryptocurrency Investment / DeFi Scam Description: I am reporting a cryptocurrency fraud involving a fake DeFi application operating under the name Cryptoweb3 / cryptoweb3.life. I have been approached by my very close friend and she talked about smart contract trading and there is a guy (Ronald Williams her to be life partner) who is going help with signals. This started somewhere around the month of early March 2025. As I report this date 03-Feb-2026, still no signs of withdrawal. The withdrawals request is kept as pending review since last few months. She met this guy on a dating app and she met him once. This guy told her he built an algorithm and he monitors the market for buy and sell contracts. She sent me a referral url for a dApp - cryptoweb3.life and app installed on crypto OnChain. I was instructed to connect my on-chain wallet via a Web3 browser and deposit funds to participate in a smart contract investment. The guy is still in touch. After depositing, the platform blocked withdrawals and claimed my account was under “risk review.” I was later asked to pay additional fees labeled as “tax,” “risk resolution,” and “withdrawal processing.” Despite complying, no withdrawal was ever processed. On-chain analysis shows funds were sent to externally owned wallet addresses that exhibit aggregation and laundering behavior consistent with crypto fraud. I believe this operation is ongoing and may affect other victims. I request investigation and coordination with exchanges for potential asset freezing. I hope the group is tracked and brought to justice as the person is still active with my known friend, as of this writing.",Anonymous,6 days ago,1,193197.00 USD,0xA48C7d513e3e1a8f1bd215Cac8f297F2773F9e25,Ethereum,,"cryptoweb3.life, cryptoweb3.vip"
4d5f2226-08b4-488c-b094-bb1b7a889bf2,https://chainabuse.com/report/4d5f2226-08b4-488c-b094-bb1b7a889bf2?context=browse-chain&chain=ETH,https://chainabuse.com/chain/ETH?page=4,2026-02-10T19:19:43.035657,Report Miscellaneous Crypto Scams with Chainabuse: Crypto Investment Scam,"Incident Type: Cryptocurrency Investment / DeFi Scam Description: I am reporting a cryptocurrency fraud involving a fake DeFi application operating under the name Cryptoweb3 / cryptoweb3.life. I have been approached by my very close friend and she talked about smart contract trading and there is a guy (Ronald Williams her to be life partner) who is going help with signals. This started somewhere around the month of early March 2025. As I report this date 03-Feb-2026, still no signs of withdrawal. The withdrawals request is kept as pending review since last few months. She met this guy on a dating app and she met him once. This guy told her he built an algorithm and he monitors the market for buy and sell contracts. She sent me a referral url for a dApp - cryptoweb3.life and app installed on crypto OnChain. I was instructed to connect my on-chain wallet via a Web3 browser and deposit funds to participate in a smart contract investment. The guy is still in touch. After depositing, the platform blocked withdrawals and claimed my account was under “risk review.” I was later asked to pay additional fees labeled as “tax,” “risk resolution,” and “withdrawal processing.” Despite complying, no withdrawal was ever processed. On-chain analysis shows funds were sent to externally owned wallet addresses that exhibit aggregation and laundering behavior consistent with crypto fraud. I believe this operation is ongoing and may affect other victims. I request investigation and coordination with exchanges for potential asset freezing. I hope the group is tracked and brought to justice as the person is still active with my known friend, as of this writing.",Anonymous,6 days ago,1,193197.00 USD,0x517f5Be7aD7DE66AD96bf3D84e1A556a9C8862EA,Ethereum,,"cryptoweb3.life, cryptoweb3.vip"
4d5f2226-08b4-488c-b094-bb1b7a889bf2,https://chainabuse.com/report/4d5f2226-08b4-488c-b094-bb1b7a889bf2?context=browse-chain&chain=ETH,https://chainabuse.com/chain/ETH?page=4,2026-02-10T19:19:43.035657,Report Miscellaneous Crypto Scams with Chainabuse: Crypto Investment Scam,"Incident Type: Cryptocurrency Investment / DeFi Scam Description: I am reporting a cryptocurrency fraud involving a fake DeFi application operating under the name Cryptoweb3 / cryptoweb3.life. I have been approached by my very close friend and she talked about smart contract trading and there is a guy (Ronald Williams her to be life partner) who is going help with signals. This started somewhere around the month of early March 2025. As I report this date 03-Feb-2026, still no signs of withdrawal. The withdrawals request is kept as pending review since last few months. She met this guy on a dating app and she met him once. This guy told her he built an algorithm and he monitors the market for buy and sell contracts. She sent me a referral url for a dApp - cryptoweb3.life and app installed on crypto OnChain. I was instructed to connect my on-chain wallet via a Web3 browser and deposit funds to participate in a smart contract investment. The guy is still in touch. After depositing, the platform blocked withdrawals and claimed my account was under “risk review.” I was later asked to pay additional fees labeled as “tax,” “risk resolution,” and “withdrawal processing.” Despite complying, no withdrawal was ever processed. On-chain analysis shows funds were sent to externally owned wallet addresses that exhibit aggregation and laundering behavior consistent with crypto fraud. I believe this operation is ongoing and may affect other victims. I request investigation and coordination with exchanges for potential asset freezing. I hope the group is tracked and brought to justice as the person is still active with my known friend, as of this writing.",Anonymous,6 days ago,1,193197.00 USD,341wnH6R6RbAnT9BQiQ6SLnL9ruipg5o5J,Bitcoin,,"cryptoweb3.life, cryptoweb3.vip"
4d5f2226-08b4-488c-b094-bb1b7a889bf2,https://chainabuse.com/report/4d5f2226-08b4-488c-b094-bb1b7a889bf2?context=browse-chain&chain=ETH,https://chainabuse.com/chain/ETH?page=4,2026-02-10T19:19:43.035657,Report Miscellaneous Crypto Scams with Chainabuse: Crypto Investment Scam,"Incident Type: Cryptocurrency Investment / DeFi Scam Description: I am reporting a cryptocurrency fraud involving a fake DeFi application operating under the name Cryptoweb3 / cryptoweb3.life. I have been approached by my very close friend and she talked about smart contract trading and there is a guy (Ronald Williams her to be life partner) who is going help with signals. This started somewhere around the month of early March 2025. As I report this date 03-Feb-2026, still no signs of withdrawal. The withdrawals request is kept as pending review since last few months. She met this guy on a dating app and she met him once. This guy told her he built an algorithm and he monitors the market for buy and sell contracts. She sent me a referral url for a dApp - cryptoweb3.life and app installed on crypto OnChain. I was instructed to connect my on-chain wallet via a Web3 browser and deposit funds to participate in a smart contract investment. The guy is still in touch. After depositing, the platform blocked withdrawals and claimed my account was under “risk review.” I was later asked to pay additional fees labeled as “tax,” “risk resolution,” and “withdrawal processing.” Despite complying, no withdrawal was ever processed. On-chain analysis shows funds were sent to externally owned wallet addresses that exhibit aggregation and laundering behavior consistent with crypto fraud. I believe this operation is ongoing and may affect other victims. I request investigation and coordination with exchanges for potential asset freezing. I hope the group is tracked and brought to justice as the person is still active with my known friend, as of this writing.",Anonymous,6 days ago,1,193197.00 USD,bc1q79vkyqep7qhchydxayp6sktqc952jgfle8capa,Bitcoin,,"cryptoweb3.life, cryptoweb3.vip"
4d5f2226-08b4-488c-b094-bb1b7a889bf2,https://chainabuse.com/report/4d5f2226-08b4-488c-b094-bb1b7a889bf2?context=browse-chain&chain=ETH,https://chainabuse.com/chain/ETH?page=4,2026-02-10T19:19:43.035657,Report Miscellaneous Crypto Scams with Chainabuse: Crypto Investment Scam,"Incident Type: Cryptocurrency Investment / DeFi Scam Description: I am reporting a cryptocurrency fraud involving a fake DeFi application operating under the name Cryptoweb3 / cryptoweb3.life. I have been approached by my very close friend and she talked about smart contract trading and there is a guy (Ronald Williams her to be life partner) who is going help with signals. This started somewhere around the month of early March 2025. As I report this date 03-Feb-2026, still no signs of withdrawal. The withdrawals request is kept as pending review since last few months. She met this guy on a dating app and she met him once. This guy told her he built an algorithm and he monitors the market for buy and sell contracts. She sent me a referral url for a dApp - cryptoweb3.life and app installed on crypto OnChain. I was instructed to connect my on-chain wallet via a Web3 browser and deposit funds to participate in a smart contract investment. The guy is still in touch. After depositing, the platform blocked withdrawals and claimed my account was under “risk review.” I was later asked to pay additional fees labeled as “tax,” “risk resolution,” and “withdrawal processing.” Despite complying, no withdrawal was ever processed. On-chain analysis shows funds were sent to externally owned wallet addresses that exhibit aggregation and laundering behavior consistent with crypto fraud. I believe this operation is ongoing and may affect other victims. I request investigation and coordination with exchanges for potential asset freezing. I hope the group is tracked and brought to justice as the person is still active with my known friend, as of this writing.",Anonymous,6 days ago,1,193197.00 USD,0x9409d09788325636B2Aa0087EFaC82Eeaebc7997,Ethereum,,"cryptoweb3.life, cryptoweb3.vip"
f716e2ee-5283-4a53-988b-6db2e67085b3,https://chainabuse.com/report/f716e2ee-5283-4a53-988b-6db2e67085b3?context=browse-chain&chain=ETH,https://chainabuse.com/chain/ETH?page=4,2026-02-10T19:19:46.894033,Fake Return Scams: Secure Your Crypto Investments,Tried to scam me saying hes a millionaire and helping people pay off debts. Gave a read only address and then demanding I pay up front. Thankfully I realised but the wallet address shows multiple payments which I believe are other people who fell for the scam,Anonymous,6 days ago,1,200.00 USD,0x5180db8F5c931aaE63c74266b211F580155ecac8,Ethereum,,
746f1356-b56a-4b1f-b5ec-f3479e79e4d8,https://chainabuse.com/report/746f1356-b56a-4b1f-b5ec-f3479e79e4d8?context=browse-chain&chain=ETH,https://chainabuse.com/chain/ETH?page=4,2026-02-10T19:19:50.543002,Blackmail Scams: Report and Learn on Chainabuse,Estafa. Te hace creer que estás metiendo tu dinero en una plataforma de exchange llamada DUTT pero es totalmente mentira. Primero lo que hace el estafador es hacer que veas que estás ganando dinero con unos pequeños contratos de trading para que confien en él. Después bloquea la cuenta para que no puedas ver nada de tu perfil. Pude identificar que había robado ya que si puedes entrar a retirar dinero y te pone las últimas transferencias.,Anonymous,6 days ago,1,3695.00 USD,0x809103f2f29b380b01D4360Ed45C82e5d5285Fa0,Ethereum,,https://duttcex.org/
091cd947-4a38-4600-af15-e9518e90ed33,https://chainabuse.com/report/091cd947-4a38-4600-af15-e9518e90ed33?context=browse-chain&chain=ETH,https://chainabuse.com/chain/ETH?page=4,2026-02-10T19:19:54.431275,Phishing Scams: Stay Protected on Chainabuse,"The website https://trump-program.com is promoting a cryptocurrency giveaway scam. The site instructs users to send cryptocurrency with false promises of receiving more in return (“send crypto, receive double back”). This is a known crypto fraud pattern. The website appears to impersonate a public political figure to gain trust and mislead users. No legitimate government or campaign program operates in this manner. The site poses a risk of financial loss to the public.",Anonymous,6 days ago,1,100000000.00 USD,bc1qknkvhsgqkwywyk4gcur9zefvrmav9zhfmex0nt,Bitcoin,,https://trump-program.com/
091cd947-4a38-4600-af15-e9518e90ed33,https://chainabuse.com/report/091cd947-4a38-4600-af15-e9518e90ed33?context=browse-chain&chain=ETH,https://chainabuse.com/chain/ETH?page=4,2026-02-10T19:19:54.431275,Phishing Scams: Stay Protected on Chainabuse,"The website https://trump-program.com is promoting a cryptocurrency giveaway scam. The site instructs users to send cryptocurrency with false promises of receiving more in return (“send crypto, receive double back”). This is a known crypto fraud pattern. The website appears to impersonate a public political figure to gain trust and mislead users. No legitimate government or campaign program operates in this manner. The site poses a risk of financial loss to the public.",Anonymous,6 days ago,1,100000000.00 USD,0xda8114823289b82309514f0760bb79FD1284E81D,Ethereum,,https://trump-program.com/
091cd947-4a38-4600-af15-e9518e90ed33,https://chainabuse.com/report/091cd947-4a38-4600-af15-e9518e90ed33?context=browse-chain&chain=ETH,https://chainabuse.com/chain/ETH?page=4,2026-02-10T19:19:54.431275,Phishing Scams: Stay Protected on Chainabuse,"The website https://trump-program.com is promoting a cryptocurrency giveaway scam. The site instructs users to send cryptocurrency with false promises of receiving more in return (“send crypto, receive double back”). This is a known crypto fraud pattern. The website appears to impersonate a public political figure to gain trust and mislead users. No legitimate government or campaign program operates in this manner. The site poses a risk of financial loss to the public.",Anonymous,6 days ago,1,100000000.00 USD,TV2pCUZspu67FFqua2g9DfaMjVo9PfZ4qv,Tron,,https://trump-program.com/
091cd947-4a38-4600-af15-e9518e90ed33,https://chainabuse.com/report/091cd947-4a38-4600-af15-e9518e90ed33?context=browse-chain&chain=ETH,https://chainabuse.com/chain/ETH?page=4,2026-02-10T19:19:54.431275,Phishing Scams: Stay Protected on Chainabuse,"The website https://trump-program.com is promoting a cryptocurrency giveaway scam. The site instructs users to send cryptocurrency with false promises of receiving more in return (“send crypto, receive double back”). This is a known crypto fraud pattern. The website appears to impersonate a public political figure to gain trust and mislead users. No legitimate government or campaign program operates in this manner. The site poses a risk of financial loss to the public.",Anonymous,6 days ago,1,100000000.00 USD,addr1q8fvnyl4wj5eekmrfdu8syyzg64lwam2q6sassrw8g02p3c8njlm2289a38kqukgup85m99g8lte5d6uks7fs0sc7ygsye6syt,Cardano,,https://trump-program.com/
091cd947-4a38-4600-af15-e9518e90ed33,https://chainabuse.com/report/091cd947-4a38-4600-af15-e9518e90ed33?context=browse-chain&chain=ETH,https://chainabuse.com/chain/ETH?page=4,2026-02-10T19:19:54.431275,Phishing Scams: Stay Protected on Chainabuse,"The website https://trump-program.com is promoting a cryptocurrency giveaway scam. The site instructs users to send cryptocurrency with false promises of receiving more in return (“send crypto, receive double back”). This is a known crypto fraud pattern. The website appears to impersonate a public political figure to gain trust and mislead users. No legitimate government or campaign program operates in this manner. The site poses a risk of financial loss to the public.",Anonymous,6 days ago,1,100000000.00 USD,DRLgkkwZfwXxvUeYqHE4Yvgx3nYU8puVU8,Dogecoin,,https://trump-program.com/
091cd947-4a38-4600-af15-e9518e90ed33,https://chainabuse.com/report/091cd947-4a38-4600-af15-e9518e90ed33?context=browse-chain&chain=ETH,https://chainabuse.com/chain/ETH?page=4,2026-02-10T19:19:54.431275,Phishing Scams: Stay Protected on Chainabuse,"The website https://trump-program.com is promoting a cryptocurrency giveaway scam. The site instructs users to send cryptocurrency with false promises of receiving more in return (“send crypto, receive double back”). This is a known crypto fraud pattern. The website appears to impersonate a public political figure to gain trust and mislead users. No legitimate government or campaign program operates in this manner. The site poses a risk of financial loss to the public.",Anonymous,6 days ago,1,100000000.00 USD,qr4tq5l8zdp0943fycl4pk4wylu84h6nfv6twu66ma,Bitcoin Cash,,https://trump-program.com/
091cd947-4a38-4600-af15-e9518e90ed33,https://chainabuse.com/report/091cd947-4a38-4600-af15-e9518e90ed33?context=browse-chain&chain=ETH,https://chainabuse.com/chain/ETH?page=4,2026-02-10T19:19:54.431275,Phishing Scams: Stay Protected on Chainabuse,"The website https://trump-program.com is promoting a cryptocurrency giveaway scam. The site instructs users to send cryptocurrency with false promises of receiving more in return (“send crypto, receive double back”). This is a known crypto fraud pattern. The website appears to impersonate a public political figure to gain trust and mislead users. No legitimate government or campaign program operates in this manner. The site poses a risk of financial loss to the public.",Anonymous,6 days ago,1,100000000.00 USD,ltc1qr6dzgpse6s92x4gyq6zvv7m0g5sc507xcjen2v,Litecoin,,https://trump-program.com/
091cd947-4a38-4600-af15-e9518e90ed33,https://chainabuse.com/report/091cd947-4a38-4600-af15-e9518e90ed33?context=browse-chain&chain=ETH,https://chainabuse.com/chain/ETH?page=4,2026-02-10T19:19:54.431275,Phishing Scams: Stay Protected on Chainabuse,"The website https://trump-program.com is promoting a cryptocurrency giveaway scam. The site instructs users to send cryptocurrency with false promises of receiving more in return (“send crypto, receive double back”). This is a known crypto fraud pattern. The website appears to impersonate a public political figure to gain trust and mislead users. No legitimate government or campaign program operates in this manner. The site poses a risk of financial loss to the public.",Anonymous,6 days ago,1,100000000.00 USD,xKCSw8XGQYjePx5ZrQRW4X1JdMxbFM4EHPsYFC2bUE3,Solana,,https://trump-program.com/
091cd947-4a38-4600-af15-e9518e90ed33,https://chainabuse.com/report/091cd947-4a38-4600-af15-e9518e90ed33?context=browse-chain&chain=ETH,https://chainabuse.com/chain/ETH?page=4,2026-02-10T19:19:54.431275,Phishing Scams: Stay Protected on Chainabuse,"The website https://trump-program.com is promoting a cryptocurrency giveaway scam. The site instructs users to send cryptocurrency with false promises of receiving more in return (“send crypto, receive double back”). This is a known crypto fraud pattern. The website appears to impersonate a public political figure to gain trust and mislead users. No legitimate government or campaign program operates in this manner. The site poses a risk of financial loss to the public.",Anonymous,6 days ago,1,100000000.00 USD,rHWK5xdsnETESFto24JAdRMaUnCSU9A86i,XRP,,https://trump-program.com/
091cd947-4a38-4600-af15-e9518e90ed33,https://chainabuse.com/report/091cd947-4a38-4600-af15-e9518e90ed33?context=browse-chain&chain=ETH,https://chainabuse.com/chain/ETH?page=4,2026-02-10T19:19:54.431275,Phishing Scams: Stay Protected on Chainabuse,"The website https://trump-program.com is promoting a cryptocurrency giveaway scam. The site instructs users to send cryptocurrency with false promises of receiving more in return (“send crypto, receive double back”). This is a known crypto fraud pattern. The website appears to impersonate a public political figure to gain trust and mislead users. No legitimate government or campaign program operates in this manner. The site poses a risk of financial loss to the public.",Anonymous,6 days ago,1,100000000.00 USD,0x9a8f58bcb12319b3f2955dcaf0dec8b732f05f5596ad07eefa61fe0cecbeead2,Aptos,,https://trump-program.com/
091cd947-4a38-4600-af15-e9518e90ed33,https://chainabuse.com/report/091cd947-4a38-4600-af15-e9518e90ed33?context=browse-chain&chain=ETH,https://chainabuse.com/chain/ETH?page=4,2026-02-10T19:19:54.431275,Phishing Scams: Stay Protected on Chainabuse,"The website https://trump-program.com is promoting a cryptocurrency giveaway scam. The site instructs users to send cryptocurrency with false promises of receiving more in return (“send crypto, receive double back”). This is a known crypto fraud pattern. The website appears to impersonate a public political figure to gain trust and mislead users. No legitimate government or campaign program operates in this manner. The site poses a risk of financial loss to the public.",Anonymous,6 days ago,1,100000000.00 USD,0xfd7fb0Aa911F94EBA294AEC43EeAf6acCd805cDE,Ethereum,,https://trump-program.com/
0241772c-23d1-4a45-a977-230c4177757c,https://chainabuse.com/report/0241772c-23d1-4a45-a977-230c4177757c?context=browse-chain&chain=ETH,https://chainabuse.com/chain/ETH?page=4,2026-02-10T19:19:58.059654,Phishing Scams: Stay Protected on Chainabuse,Moltbook post attempting prompt injection to steal .env files and funds,Anonymous,6 days ago,1,,0xdF434AdcB5737fEC2656924E3e6471cd0D5AD736,Ethereum,,
0023e52b-6d1b-40b2-92e9-1fb134ecde1b,https://chainabuse.com/report/0023e52b-6d1b-40b2-92e9-1fb134ecde1b?context=browse-chain&chain=ETH,https://chainabuse.com/chain/ETH?page=4,2026-02-10T19:20:01.683683,Fake Return Scams: Secure Your Crypto Investments,"I was convinced to invest in Bitcoin and sent funds to the wallet provided. After being asked to pay additional fees to withdraw my money, communication stopped and I realized I had been scammed. Asknetrecovery.com helped me get my money back",Anonymous,6 days ago,1,,0x887f2B632d44CAC0Ec997CBE0bcF4DE7C8Ae2ab1,Ethereum,,Bitcashapp.com
a01c3b22-8366-4fe0-9bcd-af1716aa324f,https://chainabuse.com/report/a01c3b22-8366-4fe0-9bcd-af1716aa324f?context=browse-chain&chain=ETH,https://chainabuse.com/chain/ETH?page=4,2026-02-10T19:20:05.301753,Report Miscellaneous Crypto Scams with Chainabuse: Seed Phrase Phishing,"Scam Summary – Coinbase Impersonation and Crypto Theft via SafePal Date of Incident: Monday, July 21, 2025, at ~11:43 AM EST Duration: ~30 minutes Total Loss: $34,000 USD worth of digital assets Wallet Involved: • Victim’s SafePal Wallet: 0x075f55b4c8d760066b369102ac18e94a25fb4176 • Scammer’s SafePal Wallet: 0xf1588a34d131411e52dce143327432cea133956d • RNDR Transaction Hash: 0x81df...4700d5 On July 21, 2025, I received a text message from ... impersonating Coinbase, warning of a withdrawal and instructing me to call .... I received a message from ... stating: “Your Coinbase withdrawal code is: 395538. Please do not share this code with anyone. If you have not requested this, please call: .... REF: CB26045.” That number led to a realistic Coinbase-style IVR and two “support agents” who impersonated Coinbase employees. They walked me through downloading SafePal and prompted me to input a seed phrase: ""among gorilla law trick action slush funny glare citizen kind enrich layer"" I was told to move all my assets into SafePal for ""security"" and transfer them manually. After about 30 minutes on the ..., I was instructed to call a second number: ..., so I could free up my main phone to do ""video verification"" with Coinbase. I remained on that call for the final 10 minutes of the 40-minute scam operation. As of July 23, I tested this number and it is still active — someone picked up and immediately hung up when I introduced myself. This number is part of the scam ring, not a side contact. I lost the following assets: 8,324 XRP (~$29,908) + fees → rGFoosq6TifKsLiW8TQPBZ1Mg5mCDgD3YT TX Hash: C351CB...927B2A 289 RNDR (~$1,316) + fees  → 0x075f55b4c8d760066b369102ac18e94a25fb4176 TX Hash: e7a98d...250505 This was a coordinated and sophisticated operation, leveraging real-looking IVR, impersonation of Coinbase security, and phishing for wallet recovery credentials. I'm requesting that these numbers and wallet addresses be immediately flagged and investigated. Action Requested: Flag the scammer’s wallet(s) Investigate transfer patterns and wallet movement If applicable, prevent the use of the stolen seed phrase in SafePal Support any legal or blockchain tracing actions available",Anonymous,6 days ago,1,34000.00 USD,0xf1588a34d131411e52dce143327432cea133956d,Ethereum,,
a01c3b22-8366-4fe0-9bcd-af1716aa324f,https://chainabuse.com/report/a01c3b22-8366-4fe0-9bcd-af1716aa324f?context=browse-chain&chain=ETH,https://chainabuse.com/chain/ETH?page=4,2026-02-10T19:20:05.301753,Report Miscellaneous Crypto Scams with Chainabuse: Seed Phrase Phishing,"Scam Summary – Coinbase Impersonation and Crypto Theft via SafePal Date of Incident: Monday, July 21, 2025, at ~11:43 AM EST Duration: ~30 minutes Total Loss: $34,000 USD worth of digital assets Wallet Involved: • Victim’s SafePal Wallet: 0x075f55b4c8d760066b369102ac18e94a25fb4176 • Scammer’s SafePal Wallet: 0xf1588a34d131411e52dce143327432cea133956d • RNDR Transaction Hash: 0x81df...4700d5 On July 21, 2025, I received a text message from ... impersonating Coinbase, warning of a withdrawal and instructing me to call .... I received a message from ... stating: “Your Coinbase withdrawal code is: 395538. Please do not share this code with anyone. If you have not requested this, please call: .... REF: CB26045.” That number led to a realistic Coinbase-style IVR and two “support agents” who impersonated Coinbase employees. They walked me through downloading SafePal and prompted me to input a seed phrase: ""among gorilla law trick action slush funny glare citizen kind enrich layer"" I was told to move all my assets into SafePal for ""security"" and transfer them manually. After about 30 minutes on the ..., I was instructed to call a second number: ..., so I could free up my main phone to do ""video verification"" with Coinbase. I remained on that call for the final 10 minutes of the 40-minute scam operation. As of July 23, I tested this number and it is still active — someone picked up and immediately hung up when I introduced myself. This number is part of the scam ring, not a side contact. I lost the following assets: 8,324 XRP (~$29,908) + fees → rGFoosq6TifKsLiW8TQPBZ1Mg5mCDgD3YT TX Hash: C351CB...927B2A 289 RNDR (~$1,316) + fees  → 0x075f55b4c8d760066b369102ac18e94a25fb4176 TX Hash: e7a98d...250505 This was a coordinated and sophisticated operation, leveraging real-looking IVR, impersonation of Coinbase security, and phishing for wallet recovery credentials. I'm requesting that these numbers and wallet addresses be immediately flagged and investigated. Action Requested: Flag the scammer’s wallet(s) Investigate transfer patterns and wallet movement If applicable, prevent the use of the stolen seed phrase in SafePal Support any legal or blockchain tracing actions available",Anonymous,6 days ago,1,34000.00 USD,0xf1588a34d131411e52dce143327432cea133956d,Ethereum,,
7fc63da7-c829-4a20-8240-e41834a5bcea,https://chainabuse.com/report/7fc63da7-c829-4a20-8240-e41834a5bcea?context=browse-chain&chain=ETH,https://chainabuse.com/chain/ETH?page=4,2026-02-10T19:20:08.919311,Crypto Hacks: Report and Stay Safe with Chainabuse,"I was the victim of a sandwich attack because I had an approved contract with Aperture Finance. I later discovered that there was an exploit on January 26, 2026.",Anonymous,6 days ago,0,6994.38 USD,0xfA0253943c3FF0e43898cba5A7a0dA9D17C27995,Ethereum,,
282d41b3-ee18-4665-a1c9-d327b18cf086,https://chainabuse.com/report/282d41b3-ee18-4665-a1c9-d327b18cf086?context=browse-chain&chain=ETH,https://chainabuse.com/chain/ETH?page=4,2026-02-10T19:20:12.641454,Pig Butchering Scams: Learn and Report on Chainabuse,I am just a typical vicim to pig butchering scam.  The scammer reached out to me from Linkedin first and moved to WhatsApp for communication later on till I noticed that I am a fallen victim to it.,Anonymous,6 days ago,1,3464514.00 USD,G68jtxrxJshFoz6TCdpTvrm8hadMNs6jipG1YVVKk9K,Solana,620K,
282d41b3-ee18-4665-a1c9-d327b18cf086,https://chainabuse.com/report/282d41b3-ee18-4665-a1c9-d327b18cf086?context=browse-chain&chain=ETH,https://chainabuse.com/chain/ETH?page=4,2026-02-10T19:20:12.641454,Pig Butchering Scams: Learn and Report on Chainabuse,I am just a typical vicim to pig butchering scam.  The scammer reached out to me from Linkedin first and moved to WhatsApp for communication later on till I noticed that I am a fallen victim to it.,Anonymous,6 days ago,1,3464514.00 USD,5atLBAAC7hWXEHS5XsREm8qFqpNwZ4iy2WVr2azLMUbL,Solana,500K,
282d41b3-ee18-4665-a1c9-d327b18cf086,https://chainabuse.com/report/282d41b3-ee18-4665-a1c9-d327b18cf086?context=browse-chain&chain=ETH,https://chainabuse.com/chain/ETH?page=4,2026-02-10T19:20:12.641454,Pig Butchering Scams: Learn and Report on Chainabuse,I am just a typical vicim to pig butchering scam.  The scammer reached out to me from Linkedin first and moved to WhatsApp for communication later on till I noticed that I am a fallen victim to it.,Anonymous,6 days ago,1,3464514.00 USD,0xFF4A792c47c7aeA992beec1455d68e2FeB5EBfF2,Ethereum,205K,
282d41b3-ee18-4665-a1c9-d327b18cf086,https://chainabuse.com/report/282d41b3-ee18-4665-a1c9-d327b18cf086?context=browse-chain&chain=ETH,https://chainabuse.com/chain/ETH?page=4,2026-02-10T19:20:12.641454,Pig Butchering Scams: Learn and Report on Chainabuse,I am just a typical vicim to pig butchering scam.  The scammer reached out to me from Linkedin first and moved to WhatsApp for communication later on till I noticed that I am a fallen victim to it.,Anonymous,6 days ago,1,3464514.00 USD,0xf7e37460d54DC951f1fA527393b432E0373F02f4,Ethereum,80K,
282d41b3-ee18-4665-a1c9-d327b18cf086,https://chainabuse.com/report/282d41b3-ee18-4665-a1c9-d327b18cf086?context=browse-chain&chain=ETH,https://chainabuse.com/chain/ETH?page=4,2026-02-10T19:20:12.641454,Pig Butchering Scams: Learn and Report on Chainabuse,I am just a typical vicim to pig butchering scam.  The scammer reached out to me from Linkedin first and moved to WhatsApp for communication later on till I noticed that I am a fallen victim to it.,Anonymous,6 days ago,1,3464514.00 USD,G68jtxrxJshFoz6TCdpTvrm8hadMNs6jipG1YVVKk9K,Solana,620K,
282d41b3-ee18-4665-a1c9-d327b18cf086,https://chainabuse.com/report/282d41b3-ee18-4665-a1c9-d327b18cf086?context=browse-chain&chain=ETH,https://chainabuse.com/chain/ETH?page=4,2026-02-10T19:20:12.641454,Pig Butchering Scams: Learn and Report on Chainabuse,I am just a typical vicim to pig butchering scam.  The scammer reached out to me from Linkedin first and moved to WhatsApp for communication later on till I noticed that I am a fallen victim to it.,Anonymous,6 days ago,1,3464514.00 USD,5atLBAAC7hWXEHS5XsREm8qFqpNwZ4iy2WVr2azLMUbL,Solana,500K,
282d41b3-ee18-4665-a1c9-d327b18cf086,https://chainabuse.com/report/282d41b3-ee18-4665-a1c9-d327b18cf086?context=browse-chain&chain=ETH,https://chainabuse.com/chain/ETH?page=4,2026-02-10T19:20:12.641454,Pig Butchering Scams: Learn and Report on Chainabuse,I am just a typical vicim to pig butchering scam.  The scammer reached out to me from Linkedin first and moved to WhatsApp for communication later on till I noticed that I am a fallen victim to it.,Anonymous,6 days ago,1,3464514.00 USD,0xFF4A792c47c7aeA992beec1455d68e2FeB5EBfF2,Ethereum,205K,
282d41b3-ee18-4665-a1c9-d327b18cf086,https://chainabuse.com/report/282d41b3-ee18-4665-a1c9-d327b18cf086?context=browse-chain&chain=ETH,https://chainabuse.com/chain/ETH?page=4,2026-02-10T19:20:12.641454,Pig Butchering Scams: Learn and Report on Chainabuse,I am just a typical vicim to pig butchering scam.  The scammer reached out to me from Linkedin first and moved to WhatsApp for communication later on till I noticed that I am a fallen victim to it.,Anonymous,6 days ago,1,3464514.00 USD,0xf7e37460d54DC951f1fA527393b432E0373F02f4,Ethereum,80K,
c695e49e-0e3b-46a8-a838-d93b6ff35439,https://chainabuse.com/report/c695e49e-0e3b-46a8-a838-d93b6ff35439?context=browse-chain&chain=ETH,https://chainabuse.com/chain/ETH?page=4,2026-02-10T19:20:16.259148,Impersonation Scams: Protect Yourself on Chainabuse,Was contacted on Facebook instead of my bitcoin address he used another and took my bitcoin,Anonymous,6 days ago,1,,0x5180db8F5c931aaE63c74266b211F580155ecac8,Ethereum,,
15f1bac3-5b97-4b25-b00a-bda0af93436d,https://chainabuse.com/report/15f1bac3-5b97-4b25-b00a-bda0af93436d?context=browse-chain&chain=ETH,https://chainabuse.com/chain/ETH?page=4,2026-02-10T19:20:19.876150,Romance Scams: Stay Secure with Chainabuse,"I meet that girl on date app TINDER and we start talkink ringing videocall in some day she start speak about the trading etc. Then I try with the low estry like around 500 euro then we play together journeyhe.com/#/ after winning some cash I can deposit 2times like 50 and 80 usdt, after she start to push me by big occasion she will help me we will have money for a date etc. So I tip up and she also tip up my acc on this platform and we start again play by this occasion when we win i want to witchdraw and was fail, contact support on this webside and they say I broke the rules becouse ony one wallet by acc etc i have to tip up 3000 usd to unlock withdraw when I tip up also I cant withdraw then again contact support and they say I broke rules again becouse after tip up I dont play and im money loundry and i have to pay 2000 usd to unlock wothdraw and play above 5000 usd. She all the time say to me i will help you etc. And when was that day what she have help me the contact was stop.",Anonymous,"on Feb 3, 2026",1,5407 EUR,0xaC5275DFDc4F44a534Db5B37CaA2b03dDDDfE977,Ethereum,,www.yourneyhe.com/#/
b5088611-cc49-466c-bedc-c0f5bfa2529f,https://chainabuse.com/report/b5088611-cc49-466c-bedc-c0f5bfa2529f?context=browse-chain&chain=ETH,https://chainabuse.com/chain/ETH?page=3,2026-02-10T19:20:25.451756,Job Scam: Learn and Report on Chainabuse,"After being approached on WhatsApp about an online job that earns $400 - 1000 daily, I tried it out and was able to initially make money. The job is posting advertisements to sites, for every post, there's a 2% commission made. Some ads require funding to be posted, these are called 'Interbrands', from which a 6% commission is made. January 13th my second day, I logged-in and started posting ads, when the 1st interbrand popped-up, it required 314.72USD added to my account so I could post the ad, and continue. I transferred the funds and continued when the 2nd interbrand popped-up requiring 285.21USD to continue, I transferred the funds and continued, when the 3rd interbrand popped-up requiring 524.56USD to continue and I had spent my entire fortnightly pay, I couldn't continue. At this stage, there's $1015AUD of my funds in my account. I explained this to 'Customer Support' who advised me to continue. Feb 5th, I had the funds to cover the 524.56USD to continue, so I paid it, only to then be told that I now have to pay a 850USD fine for not using the platform, then I can continue, so I paid the fine, I was then told that I'm now required to pay a Security Deposit of 1120USD to continue, I can then use the platform. So I'd already spent 1375USD and they wanted to make it 2495USD for the day, and once again I didn't have the funds and the alarm bells are now ringing loudly.",Anonymous,4 days ago,1,3000 AUD,0x9c39fcb58a12ba3ba3d3273a0096f31066c8c188,Ethereum,,
b9bd0ef2-c964-4d6e-b5d9-784c28b1ef42,https://chainabuse.com/report/b9bd0ef2-c964-4d6e-b5d9-784c28b1ef42?context=browse-chain&chain=ETH,https://chainabuse.com/chain/ETH?page=3,2026-02-10T19:20:29.067328,Pig Butchering Scams: Learn and Report on Chainabuse,"Incident Type: Cryptocurrency Investment / DeFi Scam Description: I am reporting a cryptocurrency fraud involving a fake DeFi application operating under the name Cryptoweb3 / cryptoweb3.life. I met a guy on the dating app. The guy told he built an algorithm and and he monitors the market for buy and sell contracts. He sent me a referral url for a dApp. I was instructed to connect my on-chain wallet via a Web3 browser and deposit funds to participate in a smart contract investment. He also asked me to become an agent so I introduced my friends to trade on the app. After depositing, the platform blocked withdrawals and claimed my account was under “risk review.” I was later asked to pay additional fees labeled as “tax,” “risk resolution,” and “withdrawal processing.” Despite complying, no withdrawal was ever processed. On-chain analysis shows funds were sent to externally owned wallet addresses that exhibit aggregation and laundering behavior consistent with crypto fraud. I believe this operation is ongoing and may affect other victims. I request investigation and coordination with exchanges for potential asset freezing.",Anonymous,4 days ago,1,230000.00 USD,3AopxrEhD32GdEkUaR38bmCkJTuGYnjtNJ,Bitcoin,,"https://cryptoweb3.life/wap, https://cryptoweb3.vip"
b9bd0ef2-c964-4d6e-b5d9-784c28b1ef42,https://chainabuse.com/report/b9bd0ef2-c964-4d6e-b5d9-784c28b1ef42?context=browse-chain&chain=ETH,https://chainabuse.com/chain/ETH?page=3,2026-02-10T19:20:29.067328,Pig Butchering Scams: Learn and Report on Chainabuse,"Incident Type: Cryptocurrency Investment / DeFi Scam Description: I am reporting a cryptocurrency fraud involving a fake DeFi application operating under the name Cryptoweb3 / cryptoweb3.life. I met a guy on the dating app. The guy told he built an algorithm and and he monitors the market for buy and sell contracts. He sent me a referral url for a dApp. I was instructed to connect my on-chain wallet via a Web3 browser and deposit funds to participate in a smart contract investment. He also asked me to become an agent so I introduced my friends to trade on the app. After depositing, the platform blocked withdrawals and claimed my account was under “risk review.” I was later asked to pay additional fees labeled as “tax,” “risk resolution,” and “withdrawal processing.” Despite complying, no withdrawal was ever processed. On-chain analysis shows funds were sent to externally owned wallet addresses that exhibit aggregation and laundering behavior consistent with crypto fraud. I believe this operation is ongoing and may affect other victims. I request investigation and coordination with exchanges for potential asset freezing.",Anonymous,4 days ago,1,230000.00 USD,0x4bFf9ff91558FD47998bFaD0eb510Bb9a8c396b7,Ethereum,,"https://cryptoweb3.life/wap, https://cryptoweb3.vip"
59e7f5de-4070-49e1-85f9-b99a76246338,https://chainabuse.com/report/59e7f5de-4070-49e1-85f9-b99a76246338?context=browse-chain&chain=ETH,https://chainabuse.com/chain/ETH?page=3,2026-02-10T19:20:32.718578,Crypto Hacks: Report and Stay Safe with Chainabuse,"Somehow my wallet was access from the US while I am in another continent, the hacker added his device as a trusted device and exchanged everything in a matter of minutes.",Anonymous,4 days ago,2,1500.00 USD,0x3C9E14C3419d69c01712B3BdEdbB54509ddeE5fd,Ethereum,,
acdd10f3-1ac9-4f19-a194-b7b5eb10c448,https://chainabuse.com/report/acdd10f3-1ac9-4f19-a194-b7b5eb10c448?context=browse-chain&chain=ETH,https://chainabuse.com/chain/ETH?page=3,2026-02-10T19:20:36.330136,Pig Butchering Scams: Learn and Report on Chainabuse,"Contacted by Emma Vitoloni of Seattle,WA, in October, 2025 to invest in the above website. We met on X. Made a lot of money and used my own wallet to keep funds secure. The platform had full permissions and drained my wallet on January 23, saying it is for staking. In order to unstake, I have to upgrade to the next level, deposit $33,000 or pay a penalty of $14,000 from an external wallet. Scammers are still trying to get me to pay.",Anonymous,5 days ago,1,54000.00 USD,0x9960ef7d96cf21203471fa016c8c0cf136a0c26f,Ethereum,,IBM-pro.com
a6549cb2-6b6c-49ca-8728-9017910d6c10,https://chainabuse.com/report/a6549cb2-6b6c-49ca-8728-9017910d6c10?context=browse-chain&chain=ETH,https://chainabuse.com/chain/ETH?page=3,2026-02-10T19:20:39.940867,Fake Return Scams: Secure Your Crypto Investments,LJDSGHLJKFHSLKFHA,Anonymous,5 days ago,1,6000 EUR,0xe6dea3cb98d91a602749c4ad331fb56ceac96cea,Ethereum,,
d01fc332-a457-418b-8025-607418d37d85,https://chainabuse.com/report/d01fc332-a457-418b-8025-607418d37d85?context=browse-chain&chain=ETH,https://chainabuse.com/chain/ETH?page=3,2026-02-10T19:20:43.567472,Crypto Hacks: Report and Stay Safe with Chainabuse,I  am not sure how mu both my phantom and Metamask wallet got hacked and now the hacker has a sweeper script so as soon as I add any money its transferred to hackers account. I entered private sale of subquery and sidus and still ahve a lot of tokens which are in vesting and I want to secure my accounts,Anonymous,5 days ago,1,1000.00 USD,0xfdCD7Dd3fa70F21dDfFDA6F2e218E003d01b0a8D,Ethereum,Hacker,Refundyoursol.com
d01fc332-a457-418b-8025-607418d37d85,https://chainabuse.com/report/d01fc332-a457-418b-8025-607418d37d85?context=browse-chain&chain=ETH,https://chainabuse.com/chain/ETH?page=3,2026-02-10T19:20:43.567472,Crypto Hacks: Report and Stay Safe with Chainabuse,I  am not sure how mu both my phantom and Metamask wallet got hacked and now the hacker has a sweeper script so as soon as I add any money its transferred to hackers account. I entered private sale of subquery and sidus and still ahve a lot of tokens which are in vesting and I want to secure my accounts,Anonymous,5 days ago,1,1000.00 USD,EZ3YMrgbGm29XduYuvqGaVpcVmbiXPXhWo25Fkvqei5g,Solana,Hacker,Refundyoursol.com
e7ee1f0d-84b3-41be-888a-d5cefff264fb,https://chainabuse.com/report/e7ee1f0d-84b3-41be-888a-d5cefff264fb?context=browse-chain&chain=ETH,https://chainabuse.com/chain/ETH?page=3,2026-02-10T19:20:47.180262,Crypto Hacks: Report and Stay Safe with Chainabuse,Case related to theft (stolen funds),Anonymous,5 days ago,1,55000.00 USD,TXGVRSrkGcN9zdtXXgJ8GNbn6LvZhvXpku,Tron,,
e7ee1f0d-84b3-41be-888a-d5cefff264fb,https://chainabuse.com/report/e7ee1f0d-84b3-41be-888a-d5cefff264fb?context=browse-chain&chain=ETH,https://chainabuse.com/chain/ETH?page=3,2026-02-10T19:20:47.180262,Crypto Hacks: Report and Stay Safe with Chainabuse,Case related to theft (stolen funds),Anonymous,5 days ago,1,55000.00 USD,TXJQd4ZcQtc69gMwRQqA9wrmVcGK5M4KDd,Tron,,
e7ee1f0d-84b3-41be-888a-d5cefff264fb,https://chainabuse.com/report/e7ee1f0d-84b3-41be-888a-d5cefff264fb?context=browse-chain&chain=ETH,https://chainabuse.com/chain/ETH?page=3,2026-02-10T19:20:47.180262,Crypto Hacks: Report and Stay Safe with Chainabuse,Case related to theft (stolen funds),Anonymous,5 days ago,1,55000.00 USD,0x3a64a452a47b91A760c977C889Cd178C5Ce8233c,Ethereum,,
552df52e-3dff-4603-9734-3cf9932b4d8d,https://chainabuse.com/report/552df52e-3dff-4603-9734-3cf9932b4d8d?context=browse-chain&chain=ETH,https://chainabuse.com/chain/ETH?page=3,2026-02-10T19:20:50.848536,Fake Return Scams: Secure Your Crypto Investments,Ask you invest to get profit then disappeared,Anonymous,5 days ago,1,100.00 USD,0x614DF6f0AE116C278446a3BEac0f2724E5ab7Fe5,Ethereum,,"https://gemlmi-ri.top, https://gemlmi-ri.top"
552df52e-3dff-4603-9734-3cf9932b4d8d,https://chainabuse.com/report/552df52e-3dff-4603-9734-3cf9932b4d8d?context=browse-chain&chain=ETH,https://chainabuse.com/chain/ETH?page=3,2026-02-10T19:20:50.848536,Fake Return Scams: Secure Your Crypto Investments,Ask you invest to get profit then disappeared,Anonymous,5 days ago,1,100.00 USD,0x614DF6f0AE116C278446a3BEac0f2724E5ab7Fe5,Ethereum,,"https://gemlmi-ri.top, https://gemlmi-ri.top"
6fa17c0b-ddbb-4ce6-93d5-f97129b7ef02,https://chainabuse.com/report/6fa17c0b-ddbb-4ce6-93d5-f97129b7ef02?context=browse-chain&chain=ETH,https://chainabuse.com/chain/ETH?page=3,2026-02-10T19:20:54.470912,Crypto Hacks: Report and Stay Safe with Chainabuse,One guy helped me to earn money in crypto and then stolen my money but I don't know how he did it I didn't provide him any details,Anonymous,5 days ago,1,2058.00 USD,0x32870be898a25245df41725140dd32e3a250d000,Ethereum,,
acbdf99a-8723-493a-a39e-2241da3156b9,https://chainabuse.com/report/acbdf99a-8723-493a-a39e-2241da3156b9?context=browse-chain&chain=ETH,https://chainabuse.com/chain/ETH?page=3,2026-02-10T19:20:58.092693,Crypto Hacks: Report and Stay Safe with Chainabuse,Case related to theft (stolen funds),Anonymous,5 days ago,1,3000000.00 USD,0x851C01d014B1Ad2b1266CA48a4b5578B67194834,Ethereum,,
acbdf99a-8723-493a-a39e-2241da3156b9,https://chainabuse.com/report/acbdf99a-8723-493a-a39e-2241da3156b9?context=browse-chain&chain=ETH,https://chainabuse.com/chain/ETH?page=3,2026-02-10T19:20:58.092693,Crypto Hacks: Report and Stay Safe with Chainabuse,Case related to theft (stolen funds),Anonymous,5 days ago,1,3000000.00 USD,0x8c259f1E53E79408095d0ba805554D4CdDa15285,Ethereum,,
acbdf99a-8723-493a-a39e-2241da3156b9,https://chainabuse.com/report/acbdf99a-8723-493a-a39e-2241da3156b9?context=browse-chain&chain=ETH,https://chainabuse.com/chain/ETH?page=3,2026-02-10T19:20:58.092693,Crypto Hacks: Report and Stay Safe with Chainabuse,Case related to theft (stolen funds),Anonymous,5 days ago,1,3000000.00 USD,0x3aD21b9554e2743fD9e411148FEba528395E8b2c,Ethereum,,
492b142b-dde7-416e-aca8-76aedb23cf11,https://chainabuse.com/report/492b142b-dde7-416e-aca8-76aedb23cf11?context=browse-chain&chain=ETH,https://chainabuse.com/chain/ETH?page=3,2026-02-10T19:21:01.715096,Fake Return Scams: Secure Your Crypto Investments,Im and my friend are seniors hope u find him thank you kindly,Anonymous,6 days ago,1,,0x7Db0526A5f3342FBf470294cc5b6FB22CC4784c6,Ethereum,,
c4dfe908-3b6f-4648-8a2f-f323a724f5c2,https://chainabuse.com/report/c4dfe908-3b6f-4648-8a2f-f323a724f5c2?context=browse-chain&chain=ETH,https://chainabuse.com/chain/ETH?page=3,2026-02-10T19:21:05.332162,Phishing Scams: Stay Protected on Chainabuse,this guy put a sweeper on my wallet  he has my seed,Anonymous,6 days ago,1,1049.00 USD,0x1cc87a77516F41f17f2D91C57DAE1D00B263F2B0,Ethereum,,upwork.com
fce18a58-f542-4d82-824d-d30a9e268a70,https://chainabuse.com/report/fce18a58-f542-4d82-824d-d30a9e268a70?context=browse-chain&chain=ETH,https://chainabuse.com/chain/ETH?page=3,2026-02-10T19:21:08.954719,Blackmail Scams: Report and Learn on Chainabuse,"She introduced herself as a successful investor and convinced me to invest money in a ""profitable project"" involving cryptocurrency/trading. She showed me fake screenshots of profits and promised quick returns. After I transferred $120,000 to the details she provided 0x7D1c836a132936Ec99C73225c6FFA5E79b332Eb3, she stopped responding, blocked me on all messengers, and disappeared.",Anonymous,6 days ago,1,120000.00 USD,0x7D1c836a132936Ec99C73225c6FFA5E79b332Eb3,Ethereum,,
fce18a58-f542-4d82-824d-d30a9e268a70,https://chainabuse.com/report/fce18a58-f542-4d82-824d-d30a9e268a70?context=browse-chain&chain=ETH,https://chainabuse.com/chain/ETH?page=3,2026-02-10T19:21:08.954719,Blackmail Scams: Report and Learn on Chainabuse,"She introduced herself as a successful investor and convinced me to invest money in a ""profitable project"" involving cryptocurrency/trading. She showed me fake screenshots of profits and promised quick returns. After I transferred $120,000 to the details she provided 0x7D1c836a132936Ec99C73225c6FFA5E79b332Eb3, she stopped responding, blocked me on all messengers, and disappeared.",Anonymous,6 days ago,1,120000.00 USD,0x7D1c836a132936Ec99C73225c6FFA5E79b332Eb3,Ethereum,,
7c03621b-ef34-4a5f-a24f-6a2080254204,https://chainabuse.com/report/7c03621b-ef34-4a5f-a24f-6a2080254204?context=browse-chain&chain=ETH,https://chainabuse.com/chain/ETH?page=5,2026-02-10T19:20:27.940489,Blackmail Scams: Report and Learn on Chainabuse,"12.10.2025, Igor Borona contacted me. He said he worked for an investment company and suggested that I also become a client and invest in them. I am not knowledgeable in this area, so I sent him about $20,000 in cryptocurrency. He received it in his Atomic Wallet and began demanding more from me. He said that I had to send him another $6,000 so that he would return my money to me",Anonymous,"on Feb 3, 2026",1,,0xec116BBa8f3D9C4C4C2eD3007d72a305823656a9,Ethereum,,
05569dc7-67e9-4e24-8358-7c2c3b7a11f3,https://chainabuse.com/report/05569dc7-67e9-4e24-8358-7c2c3b7a11f3?context=browse-chain&chain=ETH,https://chainabuse.com/chain/ETH?page=5,2026-02-10T19:20:31.565634,Blackmail Scams: Report and Learn on Chainabuse,"12.10.2025, Igor Borona contacted me. He said he worked for an investment company and suggested that I also become a client and invest in them. I am not knowledgeable in this area, so I sent him about $20,000 in cryptocurrency. He received it in his Atomic Wallet and began demanding more from me. He said that I had to send him another $6,000 so that he would return my money to me",Anonymous,"on Feb 3, 2026",1,,0xec116BBa8f3D9C4C4C2eD3007d72a305823656a9,Ethereum,,
cf64eb5c-198c-4f5f-bcfc-64c84857a350,https://chainabuse.com/report/cf64eb5c-198c-4f5f-bcfc-64c84857a350?context=browse-chain&chain=ETH,https://chainabuse.com/chain/ETH?page=5,2026-02-10T19:20:35.200173,Blackmail Scams: Report and Learn on Chainabuse,"12.10.2025, Igor Borona contacted me. He said he worked for an investment company and suggested that I also become a client and invest in them. I am not knowledgeable in this area, so I sent him about $20,000 in cryptocurrency. He received it in his Atomic Wallet and began demanding more from me. He said that I had to send him another $6,000 so that he would return my money to me",Anonymous,"on Feb 3, 2026",1,,0xec116BBa8f3D9C4C4C2eD3007d72a305823656a9,Ethereum,,
c1f22e94-7353-4c07-b34f-169c339605e3,https://chainabuse.com/report/c1f22e94-7353-4c07-b34f-169c339605e3?context=browse-chain&chain=ETH,https://chainabuse.com/chain/ETH?page=5,2026-02-10T19:20:38.818610,Ransomware Attacks: Report and Fight Back with Chainabuse,"12.10.2025, Igor Borona contacted me. He said he worked for an investment company and suggested that I also become a client and invest in them. I am not knowledgeable in this area, so I sent him about $20,000 in cryptocurrency. He received it in his Atomic Wallet and began demanding more from me. He said that I had to send him another $6,000 so that he would return my money to me",Anonymous,"on Feb 3, 2026",1,,0xec116BBa8f3D9C4C4C2eD3007d72a305823656a9,Ethereum,,
03018edf-3276-40c5-bf17-d13cfe2d3793,https://chainabuse.com/report/03018edf-3276-40c5-bf17-d13cfe2d3793?context=browse-chain&chain=ETH,https://chainabuse.com/chain/ETH?page=5,2026-02-10T19:20:42.439054,Ransomware Attacks: Report and Fight Back with Chainabuse,"12.10.2025, Igor Borona contacted me. He said he worked for an investment company and suggested that I also become a client and invest in them. I am not knowledgeable in this area, so I sent him about $20,000 in cryptocurrency. He received it in his Atomic Wallet and began demanding more from me. He said that I had to send him another $6,000 so that he would return my money to me",Anonymous,"on Feb 3, 2026",1,,0xec116BBa8f3D9C4C4C2eD3007d72a305823656a9,Ethereum,,
d27aa5f0-f2c4-423d-98b9-796f2e04670e,https://chainabuse.com/report/d27aa5f0-f2c4-423d-98b9-796f2e04670e?context=browse-chain&chain=ETH,https://chainabuse.com/chain/ETH?page=5,2026-02-10T19:20:46.068030,Ransomware Attacks: Report and Fight Back with Chainabuse,"12.10.2025, Igor Borona contacted me. He said he worked for an investment company and suggested that I also become a client and invest in them. I am not knowledgeable in this area, so I sent him about $20,000 in cryptocurrency. He received it in his Atomic Wallet and began demanding more from me. He said that I had to send him another $6,000 so that he would return my money to me",Anonymous,"on Feb 3, 2026",1,,0xec116BBa8f3D9C4C4C2eD3007d72a305823656a9,Ethereum,,
438f5c13-d086-4721-9477-cec2d7e6e296,https://chainabuse.com/report/438f5c13-d086-4721-9477-cec2d7e6e296?context=browse-chain&chain=ETH,https://chainabuse.com/chain/ETH?page=5,2026-02-10T19:20:49.712351,Ransomware Attacks: Report and Fight Back with Chainabuse,"12.10.2025, Igor Borona contacted me. He said he worked for an investment company and suggested that I also become a client and invest in them. I am not knowledgeable in this area, so I sent him about $20,000 in cryptocurrency. He received it in his Atomic Wallet and began demanding more from me. He said that I had to send him another $6,000 so that he would return my money to me",Anonymous,"on Feb 3, 2026",1,,0xec116BBa8f3D9C4C4C2eD3007d72a305823656a9,Ethereum,,
e9f44c31-ee5f-4840-a579-a91d0d7af826,https://chainabuse.com/report/e9f44c31-ee5f-4840-a579-a91d0d7af826?context=browse-chain&chain=ETH,https://chainabuse.com/chain/ETH?page=5,2026-02-10T19:20:53.335823,Report Miscellaneous Crypto Scams with Chainabuse: Dusting,"Dusting attack with address poisoning: Scammers sent micro-transactions from similar-looking address; wallet UI displayed it as my 0-value outgoing transactions, tricking in copy-paste send to scammer wallet. Funds were quickly forwarded to second wallet where it seems someone was scammed a much larger amount that came and went out.",Anonymous,"on Feb 3, 2026",1,8000.00 USD,0x920E53d0E2a3a14f54713fA4eF8D151969384663,Ethereum,,
e9f44c31-ee5f-4840-a579-a91d0d7af826,https://chainabuse.com/report/e9f44c31-ee5f-4840-a579-a91d0d7af826?context=browse-chain&chain=ETH,https://chainabuse.com/chain/ETH?page=5,2026-02-10T19:20:53.335823,Report Miscellaneous Crypto Scams with Chainabuse: Dusting,"Dusting attack with address poisoning: Scammers sent micro-transactions from similar-looking address; wallet UI displayed it as my 0-value outgoing transactions, tricking in copy-paste send to scammer wallet. Funds were quickly forwarded to second wallet where it seems someone was scammed a much larger amount that came and went out.",Anonymous,"on Feb 3, 2026",1,8000.00 USD,0x4b7dB205E5C40C70972B6F2bD34D3C4f8870703b,Ethereum,,
eec4d6f2-a5ae-4625-9206-e86a49814e21,https://chainabuse.com/report/eec4d6f2-a5ae-4625-9206-e86a49814e21?context=browse-chain&chain=ETH,https://chainabuse.com/chain/ETH?page=5,2026-02-10T19:20:57.151224,Fake Return Scams: Secure Your Crypto Investments,I was scammed by being promised great returns by investment of funds.,Anonymous,"on Feb 3, 2026",1,2000 USDT,,,,https://aeonmining.com/
b1303c2d-3448-4a1e-85c5-03c9d7327b96,https://chainabuse.com/report/b1303c2d-3448-4a1e-85c5-03c9d7327b96?context=browse-chain&chain=ETH,https://chainabuse.com/chain/ETH?page=5,2026-02-10T19:21:00.767809,Ransomware Attacks: Report and Fight Back with Chainabuse,"12.10.2025, Igor Borona contacted me. He said he worked for an investment company and suggested that I also become a client and invest in them. I am not knowledgeable in this area, so I sent him about $20,000 in cryptocurrency. He received it in his Atomic Wallet and began demanding more from me. He said that I had to send him another $6,000 so that he would return my money to me",Anonymous,"on Feb 3, 2026",1,,0xec116BBa8f3D9C4C4C2eD3007d72a305823656a9,Ethereum,,https://t.me/boronagroup
e03dc82d-8153-4f7b-be06-e813ccc90bb6,https://chainabuse.com/report/e03dc82d-8153-4f7b-be06-e813ccc90bb6?context=browse-chain&chain=ETH,https://chainabuse.com/chain/ETH?page=5,2026-02-10T19:21:04.396107,Airdrop Scams: Report and Learn on Chainabuse,"I was a victim of a romance scam. The scammer’s name is Cheng Yu Lee (承宇 李), and he used the name Alex on the Bumble app. His Instagram account name is elenawilson1046. He claimed to be 43 years old and said that he worked as a Technical Program Manager at Coinbase. The phone number he used was +1 (407) 616-4312.",Anonymous,"on Feb 3, 2026",1,,0xaD8A88866AeaEDe608275E21287E3BF78b1F6e0b,Ethereum,,https://dcoinen.cc/main.html#/
52051abe-1148-4769-9d0c-6bb718455d56,https://chainabuse.com/report/52051abe-1148-4769-9d0c-6bb718455d56?context=browse-chain&chain=ETH,https://chainabuse.com/chain/ETH?page=5,2026-02-10T19:21:08.036689,Airdrop Scams: Report and Learn on Chainabuse,"I was a victim of a romance scam. The scammer’s name is Cheng Yu Lee (承宇 李), and he used the name Alex on the Bumble app. His Instagram account name is elenawilson1046. He claimed to be 43 years old and said that he worked as a Technical Program Manager at Coinbase. The phone number he used was +1 (407) 616-4312.",Anonymous,"on Feb 3, 2026",1,,0xaD8A88866AeaEDe608275E21287E3BF78b1F6e0b,Ethereum,,https://dcoinen.cc/main.html#/
61777c7f-c830-4062-846d-edffd7eebcc0,https://chainabuse.com/report/61777c7f-c830-4062-846d-edffd7eebcc0?context=browse-chain&chain=ETH,https://chainabuse.com/chain/ETH?page=5,2026-02-10T19:21:11.662013,Airdrop Scams: Report and Learn on Chainabuse,"I was a victim of a romance scam. The scammer’s name is Cheng Yu Lee (承宇 李), and he used the name Alex on the Bumble app. His Instagram account name is elenawilson1046. He claimed to be 43 years old and said that he worked as a Technical Program Manager at Coinbase. The phone number he used was +1 (407) 616-4312.",Anonymous,"on Feb 3, 2026",1,,0xaD8A88866AeaEDe608275E21287E3BF78b1F6e0b,Ethereum,,https://dcoinen.cc/main.html#/
7d11fa4d-4a4c-4a2c-ae06-42a62afccc4f,https://chainabuse.com/report/7d11fa4d-4a4c-4a2c-ae06-42a62afccc4f?context=browse-chain&chain=ETH,https://chainabuse.com/chain/ETH?page=5,2026-02-10T19:21:15.394189,Airdrop Scams: Report and Learn on Chainabuse,"I was a victim of a romance scam. The scammer’s name is Cheng Yu Lee (承宇 李), and he used the name Alex on the Bumble app. His Instagram account name is elenawilson1046. He claimed to be 43 years old and said that he worked as a Technical Program Manager at Coinbase. The phone number he used was +1 (407) 616-4312.",Anonymous,"on Feb 3, 2026",1,,0xaD8A88866AeaEDe608275E21287E3BF78b1F6e0b,Ethereum,,https://dcoinen.cc/main.html#/
57b3687e-940b-44a6-90eb-e7b0b9474463,https://chainabuse.com/report/57b3687e-940b-44a6-90eb-e7b0b9474463?context=browse-chain&chain=ETH,https://chainabuse.com/chain/ETH?page=5,2026-02-10T19:21:19.009739,Romance Scams: Stay Secure with Chainabuse,"I was a victim of a romance scam. The scammer’s name is Cheng Yu Lee (承宇 李), and he used the name Alex on the Bumble app. His Instagram account name is elenawilson1046. He claimed to be 43 years old and said that he worked as a Technical Program Manager at Coinbase. The phone number he used was +1 (407) 616-4312.",Anonymous,"on Feb 3, 2026",1,12000 CAD,0xaD8A88866AeaEDe608275E21287E3BF78b1F6e0b,Ethereum,,https://dcoinen.cc/main.html#/
